participantId,trialId,trialOrder,responseId,status,rejectReason,description,rejectTime,percentComplete,instruction,responsePrompt,answer,correctAnswer,duration,cleanedDuration,parameters_imagelinks
"05178a09-cb69-4128-8559-a51258854df1","participantTags","null","participantTags","undefined","undefined","undefined","undefined","undefined","undefined","undefined","[""introduction"",""study"",""Describe"",""introduction2"",""Choose"",""introduction3"",""Label placement vibes"",""introduction4"",""Label placement rotation""]","undefined","undefined","undefined","undefined"
"05178a09-cb69-4128-8559-a51258854df1","consent","0","signature","completed","undefined","undefined","undefined","100.00","undefined","Your signature (either your name or initials)","mb","undefined","4855","4855","undefined"
"05178a09-cb69-4128-8559-a51258854df1","consent","0","accept","completed","undefined","undefined","undefined","100.00","undefined","Do you consent to the study and wish to continue?","Accept","undefined","4855","4855","undefined"
"05178a09-cb69-4128-8559-a51258854df1","consent","0","windowEvents","undefined","undefined","undefined","undefined","undefined","undefined","undefined","{""focus"":2,""input"":3,""keydown"":2,""keyup"":2,""mousemove"":33,""mousedown"":4,""mouseup"":4,""resize"":0,""scroll"":7,""visibility"":0}","undefined","undefined","undefined","undefined"
"05178a09-cb69-4128-8559-a51258854df1","introduction1","1","","completed","undefined","undefined","undefined","100.00","undefined","undefined","undefined","undefined","1641","1641","undefined"
"05178a09-cb69-4128-8559-a51258854df1","introduction1","1","windowEvents","undefined","undefined","undefined","undefined","undefined","undefined","undefined","{""focus"":1,""input"":0,""keydown"":0,""keyup"":0,""mousemove"":8,""mousedown"":2,""mouseup"":2,""resize"":0,""scroll"":1,""visibility"":0}","undefined","undefined","undefined","undefined"
"05178a09-cb69-4128-8559-a51258854df1","ex16","2","difference","completed","undefined","undefined","undefined","100.00","Look at the image carefully, then answer the questions below.","Describe the difference between the second image compared to the first image.","the second line has a bend ","undefined","83323","83323","ex16/before.png,ex16/after.png"
"05178a09-cb69-4128-8559-a51258854df1","ex16","2","transform_1","completed","undefined","undefined","undefined","100.00","Look at the image carefully, then answer the questions below.","Desribe how you would transform the first image into the second image in three or less steps","bend the line between bussero and cassina downwards","undefined","83323","83323","ex16/before.png,ex16/after.png"
"05178a09-cb69-4128-8559-a51258854df1","ex16","2","transform_2","completed","undefined","undefined","undefined","100.00","Look at the image carefully, then answer the questions below.","","","undefined","83323","83323","ex16/before.png,ex16/after.png"
"05178a09-cb69-4128-8559-a51258854df1","ex16","2","transform_3","completed","undefined","undefined","undefined","100.00","Look at the image carefully, then answer the questions below.","","","undefined","83323","83323","ex16/before.png,ex16/after.png"
"05178a09-cb69-4128-8559-a51258854df1","ex16","2","windowEvents","undefined","undefined","undefined","undefined","undefined","undefined","undefined","{""focus"":3,""input"":130,""keydown"":138,""keyup"":105,""mousemove"":13,""mousedown"":3,""mouseup"":3,""resize"":0,""scroll"":0,""visibility"":0}","undefined","undefined","undefined","undefined"
"05178a09-cb69-4128-8559-a51258854df1","ex8","3","difference","completed","undefined","undefined","undefined","100.00","Look at the image carefully, then answer the questions below.","Describe the difference between the second image compared to the first image.","sdsfad","undefined","4806","4806","undefined"
"05178a09-cb69-4128-8559-a51258854df1","ex8","3","transform_1","completed","undefined","undefined","undefined","100.00","Look at the image carefully, then answer the questions below.","Desribe how you would transform the first image into the second image in three or less steps","dsafsdf","undefined","4806","4806","undefined"
"05178a09-cb69-4128-8559-a51258854df1","ex8","3","transform_2","completed","undefined","undefined","undefined","100.00","Look at the image carefully, then answer the questions below.","","","undefined","4806","4806","undefined"
"05178a09-cb69-4128-8559-a51258854df1","ex8","3","transform_3","completed","undefined","undefined","undefined","100.00","Look at the image carefully, then answer the questions below.","","","undefined","4806","4806","undefined"
"05178a09-cb69-4128-8559-a51258854df1","ex8","3","windowEvents","undefined","undefined","undefined","undefined","undefined","undefined","undefined","{""focus"":4,""input"":5,""keydown"":5,""keyup"":5,""mousemove"":29,""mousedown"":4,""mouseup"":3,""resize"":0,""scroll"":0,""visibility"":0}","undefined","undefined","undefined","undefined"
"05178a09-cb69-4128-8559-a51258854df1","ex4","4","difference","completed","undefined","undefined","undefined","100.00","Look at the image carefully, then answer the questions below.","Describe the difference between the second image compared to the first image.","dsfsadf","undefined","2053","2053","undefined"
"05178a09-cb69-4128-8559-a51258854df1","ex4","4","transform_1","completed","undefined","undefined","undefined","100.00","Look at the image carefully, then answer the questions below.","Desribe how you would transform the first image into the second image in three or less steps","dsfsafd","undefined","2053","2053","undefined"
"05178a09-cb69-4128-8559-a51258854df1","ex4","4","transform_2","completed","undefined","undefined","undefined","100.00","Look at the image carefully, then answer the questions below.","","","undefined","2053","2053","undefined"
"05178a09-cb69-4128-8559-a51258854df1","ex4","4","transform_3","completed","undefined","undefined","undefined","100.00","Look at the image carefully, then answer the questions below.","","","undefined","2053","2053","undefined"
"05178a09-cb69-4128-8559-a51258854df1","ex4","4","windowEvents","undefined","undefined","undefined","undefined","undefined","undefined","undefined","{""focus"":2,""input"":4,""keydown"":4,""keyup"":4,""mousemove"":12,""mousedown"":2,""mouseup"":3,""resize"":0,""scroll"":0,""visibility"":0}","undefined","undefined","undefined","undefined"
"05178a09-cb69-4128-8559-a51258854df1","ex3","5","difference","completed","undefined","undefined","undefined","100.00","Look at the image carefully, then answer the questions below.","Describe the difference between the second image compared to the first image.","dsafasd","undefined","2008","2008","undefined"
"05178a09-cb69-4128-8559-a51258854df1","ex3","5","transform_1","completed","undefined","undefined","undefined","100.00","Look at the image carefully, then answer the questions below.","Desribe how you would transform the first image into the second image in three or less steps","dfssdfa","undefined","2008","2008","undefined"
"05178a09-cb69-4128-8559-a51258854df1","ex3","5","transform_2","completed","undefined","undefined","undefined","100.00","Look at the image carefully, then answer the questions below.","","","undefined","2008","2008","undefined"
"05178a09-cb69-4128-8559-a51258854df1","ex3","5","transform_3","completed","undefined","undefined","undefined","100.00","Look at the image carefully, then answer the questions below.","","","undefined","2008","2008","undefined"
"05178a09-cb69-4128-8559-a51258854df1","ex3","5","windowEvents","undefined","undefined","undefined","undefined","undefined","undefined","undefined","{""focus"":3,""input"":4,""keydown"":4,""keyup"":4,""mousemove"":11,""mousedown"":3,""mouseup"":3,""resize"":0,""scroll"":0,""visibility"":0}","undefined","undefined","undefined","undefined"
"05178a09-cb69-4128-8559-a51258854df1","ex2","6","difference","completed","undefined","undefined","undefined","100.00","Look at the image carefully, then answer the questions below.","Describe the difference between the second image compared to the first image.","sdfsfad","undefined","3673","3673","undefined"
"05178a09-cb69-4128-8559-a51258854df1","ex2","6","transform_1","completed","undefined","undefined","undefined","100.00","Look at the image carefully, then answer the questions below.","Desribe how you would transform the first image into the second image in three or less steps","sdafasfd","undefined","3673","3673","undefined"
"05178a09-cb69-4128-8559-a51258854df1","ex2","6","transform_2","completed","undefined","undefined","undefined","100.00","Look at the image carefully, then answer the questions below.","","sdffsad","undefined","3673","3673","undefined"
"05178a09-cb69-4128-8559-a51258854df1","ex2","6","transform_3","completed","undefined","undefined","undefined","100.00","Look at the image carefully, then answer the questions below.","","","undefined","3673","3673","undefined"
"05178a09-cb69-4128-8559-a51258854df1","ex2","6","windowEvents","undefined","undefined","undefined","undefined","undefined","undefined","undefined","{""focus"":4,""input"":6,""keydown"":6,""keyup"":6,""mousemove"":26,""mousedown"":4,""mouseup"":3,""resize"":0,""scroll"":0,""visibility"":0}","undefined","undefined","undefined","undefined"
"05178a09-cb69-4128-8559-a51258854df1","ex7","7","difference","completed","undefined","undefined","undefined","100.00","Look at the image carefully, then answer the questions below.","Describe the difference between the second image compared to the first image.","sdfasdfa","undefined","2462","2462","undefined"
"05178a09-cb69-4128-8559-a51258854df1","ex7","7","transform_1","completed","undefined","undefined","undefined","100.00","Look at the image carefully, then answer the questions below.","Desribe how you would transform the first image into the second image in three or less steps","dsfsdfad","undefined","2462","2462","undefined"
"05178a09-cb69-4128-8559-a51258854df1","ex7","7","transform_2","completed","undefined","undefined","undefined","100.00","Look at the image carefully, then answer the questions below.","","","undefined","2462","2462","undefined"
"05178a09-cb69-4128-8559-a51258854df1","ex7","7","transform_3","completed","undefined","undefined","undefined","100.00","Look at the image carefully, then answer the questions below.","","","undefined","2462","2462","undefined"
"05178a09-cb69-4128-8559-a51258854df1","ex7","7","windowEvents","undefined","undefined","undefined","undefined","undefined","undefined","undefined","{""focus"":3,""input"":5,""keydown"":5,""keyup"":5,""mousemove"":12,""mousedown"":4,""mouseup"":4,""resize"":0,""scroll"":0,""visibility"":0}","undefined","undefined","undefined","undefined"
"05178a09-cb69-4128-8559-a51258854df1","ex11","8","difference","completed","undefined","undefined","undefined","100.00","Look at the image carefully, then answer the questions below.","Describe the difference between the second image compared to the first image.","dsfa","undefined","2778","2778","undefined"
"05178a09-cb69-4128-8559-a51258854df1","ex11","8","transform_1","completed","undefined","undefined","undefined","100.00","Look at the image carefully, then answer the questions below.","Desribe how you would transform the first image into the second image in three or less steps","dsfa","undefined","2778","2778","undefined"
"05178a09-cb69-4128-8559-a51258854df1","ex11","8","transform_2","completed","undefined","undefined","undefined","100.00","Look at the image carefully, then answer the questions below.","","","undefined","2778","2778","undefined"
"05178a09-cb69-4128-8559-a51258854df1","ex11","8","transform_3","completed","undefined","undefined","undefined","100.00","Look at the image carefully, then answer the questions below.","","","undefined","2778","2778","undefined"
"05178a09-cb69-4128-8559-a51258854df1","ex11","8","windowEvents","undefined","undefined","undefined","undefined","undefined","undefined","undefined","{""focus"":3,""input"":2,""keydown"":2,""keyup"":2,""mousemove"":19,""mousedown"":3,""mouseup"":3,""resize"":0,""scroll"":0,""visibility"":0}","undefined","undefined","undefined","undefined"
"05178a09-cb69-4128-8559-a51258854df1","ex6","9","difference","completed","undefined","undefined","undefined","100.00","Look at the image carefully, then answer the questions below.","Describe the difference between the second image compared to the first image.","dsfa","undefined","2077","2077","undefined"
"05178a09-cb69-4128-8559-a51258854df1","ex6","9","transform_1","completed","undefined","undefined","undefined","100.00","Look at the image carefully, then answer the questions below.","Desribe how you would transform the first image into the second image in three or less steps","dfs","undefined","2077","2077","undefined"
"05178a09-cb69-4128-8559-a51258854df1","ex6","9","transform_2","completed","undefined","undefined","undefined","100.00","Look at the image carefully, then answer the questions below.","","","undefined","2077","2077","undefined"
"05178a09-cb69-4128-8559-a51258854df1","ex6","9","transform_3","completed","undefined","undefined","undefined","100.00","Look at the image carefully, then answer the questions below.","","","undefined","2077","2077","undefined"
"05178a09-cb69-4128-8559-a51258854df1","ex6","9","windowEvents","undefined","undefined","undefined","undefined","undefined","undefined","undefined","{""focus"":3,""input"":2,""keydown"":2,""keyup"":2,""mousemove"":13,""mousedown"":3,""mouseup"":2,""resize"":0,""scroll"":0,""visibility"":0}","undefined","undefined","undefined","undefined"
"05178a09-cb69-4128-8559-a51258854df1","ex5","10","difference","completed","undefined","undefined","undefined","100.00","Look at the image carefully, then answer the questions below.","Describe the difference between the second image compared to the first image.","dsaf","undefined","2448","2448","undefined"
"05178a09-cb69-4128-8559-a51258854df1","ex5","10","transform_1","completed","undefined","undefined","undefined","100.00","Look at the image carefully, then answer the questions below.","Desribe how you would transform the first image into the second image in three or less steps","sdfa","undefined","2448","2448","undefined"
"05178a09-cb69-4128-8559-a51258854df1","ex5","10","transform_2","completed","undefined","undefined","undefined","100.00","Look at the image carefully, then answer the questions below.","","","undefined","2448","2448","undefined"
"05178a09-cb69-4128-8559-a51258854df1","ex5","10","transform_3","completed","undefined","undefined","undefined","100.00","Look at the image carefully, then answer the questions below.","","","undefined","2448","2448","undefined"
"05178a09-cb69-4128-8559-a51258854df1","ex5","10","windowEvents","undefined","undefined","undefined","undefined","undefined","undefined","undefined","{""focus"":3,""input"":2,""keydown"":2,""keyup"":2,""mousemove"":17,""mousedown"":4,""mouseup"":4,""resize"":0,""scroll"":0,""visibility"":0}","undefined","undefined","undefined","undefined"
"05178a09-cb69-4128-8559-a51258854df1","ex15","11","difference","completed","undefined","undefined","undefined","100.00","Look at the image carefully, then answer the questions below.","Describe the difference between the second image compared to the first image.","dsfadfasdf","undefined","2322","2322","ex15/left.png,ex15/right.png"
"05178a09-cb69-4128-8559-a51258854df1","ex15","11","transform_1","completed","undefined","undefined","undefined","100.00","Look at the image carefully, then answer the questions below.","Desribe how you would transform the first image into the second image in three or less steps","asdfsfdsfd","undefined","2322","2322","ex15/left.png,ex15/right.png"
"05178a09-cb69-4128-8559-a51258854df1","ex15","11","transform_2","completed","undefined","undefined","undefined","100.00","Look at the image carefully, then answer the questions below.","","","undefined","2322","2322","ex15/left.png,ex15/right.png"
"05178a09-cb69-4128-8559-a51258854df1","ex15","11","transform_3","completed","undefined","undefined","undefined","100.00","Look at the image carefully, then answer the questions below.","","","undefined","2322","2322","ex15/left.png,ex15/right.png"
"05178a09-cb69-4128-8559-a51258854df1","ex15","11","windowEvents","undefined","undefined","undefined","undefined","undefined","undefined","undefined","{""focus"":3,""input"":6,""keydown"":7,""keyup"":6,""mousemove"":12,""mousedown"":3,""mouseup"":3,""resize"":0,""scroll"":0,""visibility"":0}","undefined","undefined","undefined","undefined"
"05178a09-cb69-4128-8559-a51258854df1","ex12b","12","difference","completed","undefined","undefined","undefined","100.00","Look at the image carefully, then answer the questions below.","Describe the difference between the second image compared to the first image.","dsafsdfafsd","undefined","2482","2482","ex12/ex12_remade1.png,ex12/ex12_remade2.png"
"05178a09-cb69-4128-8559-a51258854df1","ex12b","12","transform_1","completed","undefined","undefined","undefined","100.00","Look at the image carefully, then answer the questions below.","Desribe how you would transform the first image into the second image in three or less steps","adsfadsfasdf","undefined","2482","2482","ex12/ex12_remade1.png,ex12/ex12_remade2.png"
"05178a09-cb69-4128-8559-a51258854df1","ex12b","12","transform_2","completed","undefined","undefined","undefined","100.00","Look at the image carefully, then answer the questions below.","","","undefined","2482","2482","ex12/ex12_remade1.png,ex12/ex12_remade2.png"
"05178a09-cb69-4128-8559-a51258854df1","ex12b","12","transform_3","completed","undefined","undefined","undefined","100.00","Look at the image carefully, then answer the questions below.","","","undefined","2482","2482","ex12/ex12_remade1.png,ex12/ex12_remade2.png"
"05178a09-cb69-4128-8559-a51258854df1","ex12b","12","windowEvents","undefined","undefined","undefined","undefined","undefined","undefined","undefined","{""focus"":3,""input"":6,""keydown"":6,""keyup"":6,""mousemove"":15,""mousedown"":4,""mouseup"":4,""resize"":0,""scroll"":0,""visibility"":0}","undefined","undefined","undefined","undefined"
"05178a09-cb69-4128-8559-a51258854df1","ex9","13","difference","completed","undefined","undefined","undefined","100.00","Look at the image carefully, then answer the questions below.","Describe the difference between the second image compared to the first image.","sdafasdfasdf","undefined","2544","2544","undefined"
"05178a09-cb69-4128-8559-a51258854df1","ex9","13","transform_1","completed","undefined","undefined","undefined","100.00","Look at the image carefully, then answer the questions below.","Desribe how you would transform the first image into the second image in three or less steps","dsfadsfafadsfd","undefined","2544","2544","undefined"
"05178a09-cb69-4128-8559-a51258854df1","ex9","13","transform_2","completed","undefined","undefined","undefined","100.00","Look at the image carefully, then answer the questions below.","","","undefined","2544","2544","undefined"
"05178a09-cb69-4128-8559-a51258854df1","ex9","13","transform_3","completed","undefined","undefined","undefined","100.00","Look at the image carefully, then answer the questions below.","","","undefined","2544","2544","undefined"
"05178a09-cb69-4128-8559-a51258854df1","ex9","13","windowEvents","undefined","undefined","undefined","undefined","undefined","undefined","undefined","{""focus"":3,""input"":7,""keydown"":8,""keyup"":8,""mousemove"":12,""mousedown"":4,""mouseup"":4,""resize"":0,""scroll"":0,""visibility"":0}","undefined","undefined","undefined","undefined"
"05178a09-cb69-4128-8559-a51258854df1","ex14","14","difference","completed","undefined","undefined","undefined","100.00","Look at the image carefully, then answer the questions below.","Describe the difference between the second image compared to the first image.","sdafsadfsdaf","undefined","4977","4977","ex14/left.png,ex14/right.png"
"05178a09-cb69-4128-8559-a51258854df1","ex14","14","transform_1","completed","undefined","undefined","undefined","100.00","Look at the image carefully, then answer the questions below.","Desribe how you would transform the first image into the second image in three or less steps","asdfasdfasdf","undefined","4977","4977","ex14/left.png,ex14/right.png"
"05178a09-cb69-4128-8559-a51258854df1","ex14","14","transform_2","completed","undefined","undefined","undefined","100.00","Look at the image carefully, then answer the questions below.","","","undefined","4977","4977","ex14/left.png,ex14/right.png"
"05178a09-cb69-4128-8559-a51258854df1","ex14","14","transform_3","completed","undefined","undefined","undefined","100.00","Look at the image carefully, then answer the questions below.","","","undefined","4977","4977","ex14/left.png,ex14/right.png"
"05178a09-cb69-4128-8559-a51258854df1","ex14","14","windowEvents","undefined","undefined","undefined","undefined","undefined","undefined","undefined","{""focus"":3,""input"":6,""keydown"":6,""keyup"":6,""mousemove"":24,""mousedown"":5,""mouseup"":5,""resize"":0,""scroll"":0,""visibility"":0}","undefined","undefined","undefined","undefined"
"05178a09-cb69-4128-8559-a51258854df1","ex1","15","difference","completed","undefined","undefined","undefined","100.00","Look at the image carefully, then answer the questions below.","Describe the difference between the second image compared to the first image.","sdaadsffds","undefined","2573","2573","undefined"
"05178a09-cb69-4128-8559-a51258854df1","ex1","15","transform_1","completed","undefined","undefined","undefined","100.00","Look at the image carefully, then answer the questions below.","Desribe how you would transform the first image into the second image in three or less steps","asdfdsfsdfdfs","undefined","2573","2573","undefined"
"05178a09-cb69-4128-8559-a51258854df1","ex1","15","transform_2","completed","undefined","undefined","undefined","100.00","Look at the image carefully, then answer the questions below.","","","undefined","2573","2573","undefined"
"05178a09-cb69-4128-8559-a51258854df1","ex1","15","transform_3","completed","undefined","undefined","undefined","100.00","Look at the image carefully, then answer the questions below.","","","undefined","2573","2573","undefined"
"05178a09-cb69-4128-8559-a51258854df1","ex1","15","windowEvents","undefined","undefined","undefined","undefined","undefined","undefined","undefined","{""focus"":3,""input"":7,""keydown"":7,""keyup"":6,""mousemove"":13,""mousedown"":3,""mouseup"":3,""resize"":0,""scroll"":0,""visibility"":0}","undefined","undefined","undefined","undefined"
"05178a09-cb69-4128-8559-a51258854df1","ex13","16","difference","completed","undefined","undefined","undefined","100.00","Look at the image carefully, then answer the questions below.","Describe the difference between the second image compared to the first image.","asddsfasdf","undefined","2780","2780","ex13/left.png,ex13/right.png"
"05178a09-cb69-4128-8559-a51258854df1","ex13","16","transform_1","completed","undefined","undefined","undefined","100.00","Look at the image carefully, then answer the questions below.","Desribe how you would transform the first image into the second image in three or less steps","sdfadsfdfsafds","undefined","2780","2780","ex13/left.png,ex13/right.png"
"05178a09-cb69-4128-8559-a51258854df1","ex13","16","transform_2","completed","undefined","undefined","undefined","100.00","Look at the image carefully, then answer the questions below.","","","undefined","2780","2780","ex13/left.png,ex13/right.png"
"05178a09-cb69-4128-8559-a51258854df1","ex13","16","transform_3","completed","undefined","undefined","undefined","100.00","Look at the image carefully, then answer the questions below.","","","undefined","2780","2780","ex13/left.png,ex13/right.png"
"05178a09-cb69-4128-8559-a51258854df1","ex13","16","windowEvents","undefined","undefined","undefined","undefined","undefined","undefined","undefined","{""focus"":3,""input"":7,""keydown"":7,""keyup"":8,""mousemove"":13,""mousedown"":4,""mouseup"":4,""resize"":0,""scroll"":0,""visibility"":0}","undefined","undefined","undefined","undefined"
"05178a09-cb69-4128-8559-a51258854df1","ex16b","17","difference","completed","undefined","undefined","undefined","100.00","Look at the image carefully, then answer the questions below.","Describe the difference between the second image compared to the first image.","dasfsdfsdfa","undefined","2573","2573","ex16/before.png,ex16/after_2.png"
"05178a09-cb69-4128-8559-a51258854df1","ex16b","17","transform_1","completed","undefined","undefined","undefined","100.00","Look at the image carefully, then answer the questions below.","Desribe how you would transform the first image into the second image in three or less steps","sdfadfsadfsadfs","undefined","2573","2573","ex16/before.png,ex16/after_2.png"
"05178a09-cb69-4128-8559-a51258854df1","ex16b","17","transform_2","completed","undefined","undefined","undefined","100.00","Look at the image carefully, then answer the questions below.","","","undefined","2573","2573","ex16/before.png,ex16/after_2.png"
"05178a09-cb69-4128-8559-a51258854df1","ex16b","17","transform_3","completed","undefined","undefined","undefined","100.00","Look at the image carefully, then answer the questions below.","","","undefined","2573","2573","ex16/before.png,ex16/after_2.png"
"05178a09-cb69-4128-8559-a51258854df1","ex16b","17","windowEvents","undefined","undefined","undefined","undefined","undefined","undefined","undefined","{""focus"":3,""input"":7,""keydown"":7,""keyup"":7,""mousemove"":15,""mousedown"":3,""mouseup"":3,""resize"":0,""scroll"":0,""visibility"":0}","undefined","undefined","undefined","undefined"
"05178a09-cb69-4128-8559-a51258854df1","ex12","18","difference","completed","undefined","undefined","undefined","100.00","Look at the image carefully, then answer the questions below.","Describe the difference between the second image compared to the first image.","asddsafdsf","undefined","2331","2331","undefined"
"05178a09-cb69-4128-8559-a51258854df1","ex12","18","transform_1","completed","undefined","undefined","undefined","100.00","Look at the image carefully, then answer the questions below.","Desribe how you would transform the first image into the second image in three or less steps","dasfadsfdsfdsf","undefined","2331","2331","undefined"
"05178a09-cb69-4128-8559-a51258854df1","ex12","18","transform_2","completed","undefined","undefined","undefined","100.00","Look at the image carefully, then answer the questions below.","","","undefined","2331","2331","undefined"
"05178a09-cb69-4128-8559-a51258854df1","ex12","18","transform_3","completed","undefined","undefined","undefined","100.00","Look at the image carefully, then answer the questions below.","","","undefined","2331","2331","undefined"
"05178a09-cb69-4128-8559-a51258854df1","ex12","18","windowEvents","undefined","undefined","undefined","undefined","undefined","undefined","undefined","{""focus"":3,""input"":8,""keydown"":8,""keyup"":7,""mousemove"":14,""mousedown"":3,""mouseup"":3,""resize"":0,""scroll"":0,""visibility"":0}","undefined","undefined","undefined","undefined"
"05178a09-cb69-4128-8559-a51258854df1","ex10","19","difference","completed","undefined","undefined","undefined","100.00","Look at the image carefully, then answer the questions below.","Describe the difference between the second image compared to the first image.","cvxzcxvzcvxz","undefined","2435","2435","undefined"
"05178a09-cb69-4128-8559-a51258854df1","ex10","19","transform_1","completed","undefined","undefined","undefined","100.00","Look at the image carefully, then answer the questions below.","Desribe how you would transform the first image into the second image in three or less steps","xczvczx","undefined","2435","2435","undefined"
"05178a09-cb69-4128-8559-a51258854df1","ex10","19","transform_2","completed","undefined","undefined","undefined","100.00","Look at the image carefully, then answer the questions below.","","","undefined","2435","2435","undefined"
"05178a09-cb69-4128-8559-a51258854df1","ex10","19","transform_3","completed","undefined","undefined","undefined","100.00","Look at the image carefully, then answer the questions below.","","","undefined","2435","2435","undefined"
"05178a09-cb69-4128-8559-a51258854df1","ex10","19","windowEvents","undefined","undefined","undefined","undefined","undefined","undefined","undefined","{""focus"":4,""input"":5,""keydown"":6,""keyup"":6,""mousemove"":12,""mousedown"":4,""mouseup"":3,""resize"":0,""scroll"":0,""visibility"":0}","undefined","undefined","undefined","undefined"
"05178a09-cb69-4128-8559-a51258854df1","introduction2","20","","completed","undefined","undefined","undefined","100.00","undefined","undefined","undefined","undefined","1677","1677","undefined"
"05178a09-cb69-4128-8559-a51258854df1","introduction2","20","windowEvents","undefined","undefined","undefined","undefined","undefined","undefined","undefined","{""focus"":0,""input"":0,""keydown"":0,""keyup"":0,""mousemove"":12,""mousedown"":0,""mouseup"":1,""resize"":0,""scroll"":0,""visibility"":0}","undefined","undefined","undefined","undefined"
"05178a09-cb69-4128-8559-a51258854df1","choice2","21","chosen_image","completed","undefined","undefined","undefined","100.00","After performing the action 'Straigten nodes' would you expect the machine to produce image A, B or C?","Select one:","b","undefined","1946","1946","undefined"
"05178a09-cb69-4128-8559-a51258854df1","choice2","21","windowEvents","undefined","undefined","undefined","undefined","undefined","undefined","undefined","{""focus"":2,""input"":1,""keydown"":0,""keyup"":0,""mousemove"":11,""mousedown"":2,""mouseup"":2,""resize"":0,""scroll"":0,""visibility"":0}","undefined","undefined","undefined","undefined"
"05178a09-cb69-4128-8559-a51258854df1","choice1","22","chosen_image","completed","undefined","undefined","undefined","100.00","After performing the action 'Pivot around node X anti-clockwise' what would be the more appropriate outcome, image A or B?","Select one:","b","undefined","1154","1154","undefined"
"05178a09-cb69-4128-8559-a51258854df1","choice1","22","windowEvents","undefined","undefined","undefined","undefined","undefined","undefined","undefined","{""focus"":2,""input"":1,""keydown"":0,""keyup"":0,""mousemove"":8,""mousedown"":2,""mouseup"":2,""resize"":0,""scroll"":0,""visibility"":0}","undefined","undefined","undefined","undefined"
"05178a09-cb69-4128-8559-a51258854df1","introduction3","23","","completed","undefined","undefined","undefined","100.00","undefined","undefined","undefined","undefined","1265","1265","undefined"
"05178a09-cb69-4128-8559-a51258854df1","introduction3","23","windowEvents","undefined","undefined","undefined","undefined","undefined","undefined","undefined","{""focus"":1,""input"":0,""keydown"":0,""keyup"":0,""mousemove"":7,""mousedown"":1,""mouseup"":1,""resize"":0,""scroll"":0,""visibility"":0}","undefined","undefined","undefined","undefined"
"05178a09-cb69-4128-8559-a51258854df1","slider1_2_3","24","chosen_image","completed","undefined","undefined","undefined","100.00","Choose the picture your prefer","Select one:","a","undefined","13647","13647","labeling/sliders/ex1_sliders/sameside1.png,labeling/sliders/ex1_sliders/sameside_hor.png"
"05178a09-cb69-4128-8559-a51258854df1","slider1_2_3","24","windowEvents","undefined","undefined","undefined","undefined","undefined","undefined","undefined","{""focus"":2,""input"":1,""keydown"":0,""keyup"":0,""mousemove"":19,""mousedown"":3,""mouseup"":3,""resize"":0,""scroll"":0,""visibility"":0}","undefined","undefined","undefined","undefined"
"05178a09-cb69-4128-8559-a51258854df1","slider1_1_1","25","chosen_image","completed","undefined","undefined","undefined","100.00","Choose the picture your prefer","Select one:","b","undefined","1590","1590","labeling/sliders/ex1_sliders/no_slider.png,labeling/sliders/ex1_sliders/hor1.png"
"05178a09-cb69-4128-8559-a51258854df1","slider1_1_1","25","windowEvents","undefined","undefined","undefined","undefined","undefined","undefined","undefined","{""focus"":2,""input"":1,""keydown"":0,""keyup"":0,""mousemove"":10,""mousedown"":2,""mouseup"":2,""resize"":0,""scroll"":0,""visibility"":0}","undefined","undefined","undefined","undefined"
"05178a09-cb69-4128-8559-a51258854df1","label4","26","chosen_image","completed","undefined","undefined","undefined","100.00","Choose the picture your prefer","Select one:","a","undefined","2133","2133","labeling/outside_labeling/base4.png,labeling/outside_labeling/with_outside4.png"
"05178a09-cb69-4128-8559-a51258854df1","label4","26","windowEvents","undefined","undefined","undefined","undefined","undefined","undefined","undefined","{""focus"":2,""input"":1,""keydown"":0,""keyup"":0,""mousemove"":9,""mousedown"":3,""mouseup"":3,""resize"":0,""scroll"":0,""visibility"":0}","undefined","undefined","undefined","undefined"
"05178a09-cb69-4128-8559-a51258854df1","slider1_1_3","27","chosen_image","completed","undefined","undefined","undefined","100.00","Choose the picture your prefer","Select one:","b","undefined","1017","1017","labeling/sliders/ex1_sliders/hor2.png,labeling/sliders/ex1_sliders/hor1.png"
"05178a09-cb69-4128-8559-a51258854df1","slider1_1_3","27","windowEvents","undefined","undefined","undefined","undefined","undefined","undefined","undefined","{""focus"":2,""input"":1,""keydown"":0,""keyup"":0,""mousemove"":6,""mousedown"":2,""mouseup"":2,""resize"":0,""scroll"":0,""visibility"":0}","undefined","undefined","undefined","undefined"
"05178a09-cb69-4128-8559-a51258854df1","spring_2","28","chosen_image","completed","undefined","undefined","undefined","100.00","Choose the picture your prefer","Select one:","b","undefined","1464","1464","labeling/spring/spring_label_2.png,labeling/spring/spring_label_1.png"
"05178a09-cb69-4128-8559-a51258854df1","spring_2","28","windowEvents","undefined","undefined","undefined","undefined","undefined","undefined","undefined","{""focus"":2,""input"":1,""keydown"":0,""keyup"":0,""mousemove"":9,""mousedown"":3,""mouseup"":3,""resize"":0,""scroll"":0,""visibility"":0}","undefined","undefined","undefined","undefined"
"05178a09-cb69-4128-8559-a51258854df1","slider2_2_3","29","chosen_image","completed","undefined","undefined","undefined","100.00","Choose the picture your prefer","Select one:","b","undefined","1096","1096","labeling/sliders/ex2_sliders/sameside1.png,labeling/sliders/ex2_sliders/sameside_hor.png"
"05178a09-cb69-4128-8559-a51258854df1","slider2_2_3","29","windowEvents","undefined","undefined","undefined","undefined","undefined","undefined","undefined","{""focus"":2,""input"":1,""keydown"":0,""keyup"":0,""mousemove"":7,""mousedown"":2,""mouseup"":2,""resize"":0,""scroll"":0,""visibility"":0}","undefined","undefined","undefined","undefined"
"05178a09-cb69-4128-8559-a51258854df1","slider1_1_2","30","chosen_image","completed","undefined","undefined","undefined","100.00","Choose the picture your prefer","Select one:","b","undefined","1211","1211","labeling/sliders/ex1_sliders/hor2.png,labeling/sliders/ex1_sliders/no_slider.png"
"05178a09-cb69-4128-8559-a51258854df1","slider1_1_2","30","windowEvents","undefined","undefined","undefined","undefined","undefined","undefined","undefined","{""focus"":2,""input"":1,""keydown"":0,""keyup"":0,""mousemove"":6,""mousedown"":2,""mouseup"":2,""resize"":0,""scroll"":0,""visibility"":0}","undefined","undefined","undefined","undefined"
"05178a09-cb69-4128-8559-a51258854df1","slider1_2_2","31","chosen_image","completed","undefined","undefined","undefined","100.00","Choose the picture your prefer","Select one:","a","undefined","1103","1103","labeling/sliders/ex1_sliders/no_slider.png,labeling/sliders/ex1_sliders/sameside_hor.png"
"05178a09-cb69-4128-8559-a51258854df1","slider1_2_2","31","windowEvents","undefined","undefined","undefined","undefined","undefined","undefined","undefined","{""focus"":3,""input"":1,""keydown"":0,""keyup"":0,""mousemove"":7,""mousedown"":3,""mouseup"":2,""resize"":0,""scroll"":0,""visibility"":0}","undefined","undefined","undefined","undefined"
"05178a09-cb69-4128-8559-a51258854df1","circle_1_3","32","chosen_image","completed","undefined","undefined","undefined","100.00","Choose the picture your prefer","Select one:","b","undefined","1129","1129","labeling/outside_labeling/circles/circle_3.png,labeling/outside_labeling/circles/circle_1.png"
"05178a09-cb69-4128-8559-a51258854df1","circle_1_3","32","windowEvents","undefined","undefined","undefined","undefined","undefined","undefined","undefined","{""focus"":1,""input"":1,""keydown"":0,""keyup"":0,""mousemove"":6,""mousedown"":1,""mouseup"":2,""resize"":0,""scroll"":0,""visibility"":0}","undefined","undefined","undefined","undefined"
"05178a09-cb69-4128-8559-a51258854df1","slider2_1_1","33","chosen_image","completed","undefined","undefined","undefined","100.00","Choose the picture your prefer","Select one:","a","undefined","1529","1529","labeling/sliders/ex2_sliders/no_slider.png,labeling/sliders/ex2_sliders/hor1.png"
"05178a09-cb69-4128-8559-a51258854df1","slider2_1_1","33","windowEvents","undefined","undefined","undefined","undefined","undefined","undefined","undefined","{""focus"":3,""input"":1,""keydown"":0,""keyup"":0,""mousemove"":9,""mousedown"":4,""mouseup"":3,""resize"":0,""scroll"":0,""visibility"":0}","undefined","undefined","undefined","undefined"
"05178a09-cb69-4128-8559-a51258854df1","slider2_1_2","34","chosen_image","completed","undefined","undefined","undefined","100.00","Choose the picture your prefer","Select one:","a","undefined","2291","2291","labeling/sliders/ex2_sliders/hor2.png,labeling/sliders/ex2_sliders/no_slider.png"
"05178a09-cb69-4128-8559-a51258854df1","slider2_1_2","34","windowEvents","undefined","undefined","undefined","undefined","undefined","undefined","undefined","{""focus"":1,""input"":1,""keydown"":0,""keyup"":0,""mousemove"":14,""mousedown"":2,""mouseup"":3,""resize"":0,""scroll"":0,""visibility"":0}","undefined","undefined","undefined","undefined"
"05178a09-cb69-4128-8559-a51258854df1","label1","35","chosen_image","completed","undefined","undefined","undefined","100.00","Choose the picture your prefer","Select one:","b","undefined","1491","1491","labeling/outside_labeling/base1.png,labeling/outside_labeling/with_outside1.png"
"05178a09-cb69-4128-8559-a51258854df1","label1","35","windowEvents","undefined","undefined","undefined","undefined","undefined","undefined","undefined","{""focus"":2,""input"":1,""keydown"":0,""keyup"":0,""mousemove"":8,""mousedown"":2,""mouseup"":2,""resize"":0,""scroll"":0,""visibility"":0}","undefined","undefined","undefined","undefined"
"05178a09-cb69-4128-8559-a51258854df1","slider2_1_3","36","chosen_image","completed","undefined","undefined","undefined","100.00","Choose the picture your prefer","Select one:","a","undefined","1277","1277","labeling/sliders/ex2_sliders/hor1.png,labeling/sliders/ex2_sliders/hor2.png"
"05178a09-cb69-4128-8559-a51258854df1","slider2_1_3","36","windowEvents","undefined","undefined","undefined","undefined","undefined","undefined","undefined","{""focus"":2,""input"":1,""keydown"":0,""keyup"":0,""mousemove"":6,""mousedown"":2,""mouseup"":2,""resize"":0,""scroll"":0,""visibility"":0}","undefined","undefined","undefined","undefined"
"05178a09-cb69-4128-8559-a51258854df1","circle_1_2","37","chosen_image","completed","undefined","undefined","undefined","100.00","Choose the picture your prefer","Select one:","b","undefined","1544","1544","labeling/outside_labeling/circles/circle_2.png,labeling/outside_labeling/circles/circle_3.png"
"05178a09-cb69-4128-8559-a51258854df1","circle_1_2","37","windowEvents","undefined","undefined","undefined","undefined","undefined","undefined","undefined","{""focus"":2,""input"":1,""keydown"":0,""keyup"":0,""mousemove"":7,""mousedown"":3,""mouseup"":3,""resize"":0,""scroll"":0,""visibility"":0}","undefined","undefined","undefined","undefined"
"05178a09-cb69-4128-8559-a51258854df1","label2","38","chosen_image","completed","undefined","undefined","undefined","100.00","Choose the picture your prefer","Select one:","a","undefined","1302","1302","labeling/outside_labeling/base2.png,labeling/outside_labeling/with_outside2.png"
"05178a09-cb69-4128-8559-a51258854df1","label2","38","windowEvents","undefined","undefined","undefined","undefined","undefined","undefined","undefined","{""focus"":2,""input"":1,""keydown"":0,""keyup"":0,""mousemove"":6,""mousedown"":2,""mouseup"":2,""resize"":0,""scroll"":0,""visibility"":0}","undefined","undefined","undefined","undefined"
"05178a09-cb69-4128-8559-a51258854df1","spring_3","39","chosen_image","completed","undefined","undefined","undefined","100.00","Choose the picture your prefer","Select one:","b","undefined","1095","1095","labeling/spring/spring_label_1.png,labeling/spring/spring_label_3.png"
"05178a09-cb69-4128-8559-a51258854df1","spring_3","39","windowEvents","undefined","undefined","undefined","undefined","undefined","undefined","undefined","{""focus"":2,""input"":1,""keydown"":0,""keyup"":0,""mousemove"":6,""mousedown"":2,""mouseup"":2,""resize"":0,""scroll"":0,""visibility"":0}","undefined","undefined","undefined","undefined"
"05178a09-cb69-4128-8559-a51258854df1","label3","40","chosen_image","completed","undefined","undefined","undefined","100.00","Choose the picture your prefer","Select one:","a","undefined","2056","2056","labeling/outside_labeling/base3.png,labeling/outside_labeling/with_outside3.png"
"05178a09-cb69-4128-8559-a51258854df1","label3","40","windowEvents","undefined","undefined","undefined","undefined","undefined","undefined","undefined","{""focus"":2,""input"":1,""keydown"":0,""keyup"":0,""mousemove"":13,""mousedown"":3,""mouseup"":3,""resize"":0,""scroll"":0,""visibility"":0}","undefined","undefined","undefined","undefined"
"05178a09-cb69-4128-8559-a51258854df1","slider1_2_1","41","chosen_image","completed","undefined","undefined","undefined","100.00","Choose the picture your prefer","Select one:","b","undefined","1300","1300","labeling/sliders/ex1_sliders/no_slider.png,labeling/sliders/ex1_sliders/sameside1.png"
"05178a09-cb69-4128-8559-a51258854df1","slider1_2_1","41","windowEvents","undefined","undefined","undefined","undefined","undefined","undefined","undefined","{""focus"":2,""input"":1,""keydown"":0,""keyup"":0,""mousemove"":6,""mousedown"":3,""mouseup"":3,""resize"":0,""scroll"":0,""visibility"":0}","undefined","undefined","undefined","undefined"
"05178a09-cb69-4128-8559-a51258854df1","spring_1","42","chosen_image","completed","undefined","undefined","undefined","100.00","Choose the picture your prefer","Select one:","a","undefined","1755","1755","labeling/spring/spring_label_2.png,labeling/spring/spring_label_3.png"
"05178a09-cb69-4128-8559-a51258854df1","spring_1","42","windowEvents","undefined","undefined","undefined","undefined","undefined","undefined","undefined","{""focus"":2,""input"":1,""keydown"":0,""keyup"":0,""mousemove"":9,""mousedown"":3,""mouseup"":3,""resize"":0,""scroll"":0,""visibility"":0}","undefined","undefined","undefined","undefined"
"05178a09-cb69-4128-8559-a51258854df1","circle_2_1","43","chosen_image","completed","undefined","undefined","undefined","100.00","Choose the picture your prefer","Select one:","b","undefined","1222","1222","labeling/outside_labeling/circles/small_1.png,labeling/outside_labeling/circles/small_2.png"
"05178a09-cb69-4128-8559-a51258854df1","circle_2_1","43","windowEvents","undefined","undefined","undefined","undefined","undefined","undefined","undefined","{""focus"":2,""input"":1,""keydown"":0,""keyup"":0,""mousemove"":6,""mousedown"":2,""mouseup"":2,""resize"":0,""scroll"":0,""visibility"":0}","undefined","undefined","undefined","undefined"
"05178a09-cb69-4128-8559-a51258854df1","slider2_2_2","44","chosen_image","completed","undefined","undefined","undefined","100.00","Choose the picture your prefer","Select one:","a","undefined","2784","2784","labeling/sliders/ex2_sliders/no_slider.png,labeling/sliders/ex2_sliders/sameside_hor.png"
"05178a09-cb69-4128-8559-a51258854df1","slider2_2_2","44","windowEvents","undefined","undefined","undefined","undefined","undefined","undefined","undefined","{""focus"":2,""input"":1,""keydown"":0,""keyup"":0,""mousemove"":13,""mousedown"":5,""mouseup"":5,""resize"":0,""scroll"":0,""visibility"":0}","undefined","undefined","undefined","undefined"
"05178a09-cb69-4128-8559-a51258854df1","circle_1_1","45","chosen_image","completed","undefined","undefined","undefined","100.00","Choose the picture your prefer","Select one:","b","undefined","2613","2613","labeling/outside_labeling/circles/circle_1.png,labeling/outside_labeling/circles/circle_2.png"
"05178a09-cb69-4128-8559-a51258854df1","circle_1_1","45","windowEvents","undefined","undefined","undefined","undefined","undefined","undefined","undefined","{""focus"":2,""input"":1,""keydown"":0,""keyup"":0,""mousemove"":12,""mousedown"":4,""mouseup"":4,""resize"":0,""scroll"":0,""visibility"":0}","undefined","undefined","undefined","undefined"
"05178a09-cb69-4128-8559-a51258854df1","circle_2_2","46","chosen_image","completed","undefined","undefined","undefined","100.00","Choose the picture your prefer","Select one:","b","undefined","1457","1457","labeling/outside_labeling/circles/small_2.png,labeling/outside_labeling/circles/small_3.png"
"05178a09-cb69-4128-8559-a51258854df1","circle_2_2","46","windowEvents","undefined","undefined","undefined","undefined","undefined","undefined","undefined","{""focus"":2,""input"":1,""keydown"":0,""keyup"":0,""mousemove"":8,""mousedown"":2,""mouseup"":2,""resize"":0,""scroll"":0,""visibility"":0}","undefined","undefined","undefined","undefined"
"05178a09-cb69-4128-8559-a51258854df1","circle_2_3","47","chosen_image","completed","undefined","undefined","undefined","100.00","Choose the picture your prefer","Select one:","a","undefined","1664","1664","labeling/outside_labeling/circles/small_3.png,labeling/outside_labeling/circles/small_1.png"
"05178a09-cb69-4128-8559-a51258854df1","circle_2_3","47","windowEvents","undefined","undefined","undefined","undefined","undefined","undefined","undefined","{""focus"":2,""input"":1,""keydown"":0,""keyup"":0,""mousemove"":9,""mousedown"":2,""mouseup"":2,""resize"":0,""scroll"":0,""visibility"":0}","undefined","undefined","undefined","undefined"
"05178a09-cb69-4128-8559-a51258854df1","slider2_2_1","48","chosen_image","completed","undefined","undefined","undefined","100.00","Choose the picture your prefer","Select one:","a","undefined","5973","5973","labeling/sliders/ex2_sliders/no_slider.png,labeling/sliders/ex2_sliders/sameside1.png"
"05178a09-cb69-4128-8559-a51258854df1","slider2_2_1","48","windowEvents","undefined","undefined","undefined","undefined","undefined","undefined","undefined","{""focus"":3,""input"":1,""keydown"":0,""keyup"":0,""mousemove"":15,""mousedown"":3,""mouseup"":2,""resize"":0,""scroll"":0,""visibility"":0}","undefined","undefined","undefined","undefined"
"05178a09-cb69-4128-8559-a51258854df1","introduction4","49","","completed","undefined","undefined","undefined","100.00","undefined","undefined","undefined","undefined","1663","1663","undefined"
"05178a09-cb69-4128-8559-a51258854df1","introduction4","49","windowEvents","undefined","undefined","undefined","undefined","undefined","undefined","undefined","{""focus"":0,""input"":0,""keydown"":0,""keyup"":0,""mousemove"":11,""mousedown"":0,""mouseup"":1,""resize"":0,""scroll"":0,""visibility"":0}","undefined","undefined","undefined","undefined"
"05178a09-cb69-4128-8559-a51258854df1","rotate3_2","50","chosen_image","completed","undefined","undefined","undefined","100.00","Choose the picture your prefer","Select one:","a","undefined","3443","3443","labeling/rotated/ex3_rotate/rotate_plus.png,labeling/rotated/ex3_rotate/hor.png"
"05178a09-cb69-4128-8559-a51258854df1","rotate3_2","50","windowEvents","undefined","undefined","undefined","undefined","undefined","undefined","undefined","{""focus"":2,""input"":1,""keydown"":0,""keyup"":0,""mousemove"":17,""mousedown"":2,""mouseup"":2,""resize"":0,""scroll"":0,""visibility"":0}","undefined","undefined","undefined","undefined"
"05178a09-cb69-4128-8559-a51258854df1","rotate2_2","51","chosen_image","completed","undefined","undefined","undefined","100.00","Choose the picture your prefer","Select one:","b","undefined","2223","2223","labeling/rotated/ex2_rotate/rotate_plus.png,labeling/rotated/ex2_rotate/hor.png"
"05178a09-cb69-4128-8559-a51258854df1","rotate2_2","51","windowEvents","undefined","undefined","undefined","undefined","undefined","undefined","undefined","{""focus"":2,""input"":1,""keydown"":0,""keyup"":0,""mousemove"":13,""mousedown"":4,""mouseup"":4,""resize"":0,""scroll"":0,""visibility"":0}","undefined","undefined","undefined","undefined"
"05178a09-cb69-4128-8559-a51258854df1","rotate1_1","52","chosen_image","completed","undefined","undefined","undefined","100.00","Choose the picture your prefer","Select one:","a","undefined","1436","1436","labeling/rotated/ex1_rotate/hor.png,labeling/rotated/ex1_rotate/rotate_min.png"
"05178a09-cb69-4128-8559-a51258854df1","rotate1_1","52","windowEvents","undefined","undefined","undefined","undefined","undefined","undefined","undefined","{""focus"":2,""input"":1,""keydown"":0,""keyup"":0,""mousemove"":9,""mousedown"":2,""mouseup"":2,""resize"":0,""scroll"":0,""visibility"":0}","undefined","undefined","undefined","undefined"
"05178a09-cb69-4128-8559-a51258854df1","rotate1_2","53","chosen_image","completed","undefined","undefined","undefined","100.00","Choose the picture your prefer","Select one:","b","undefined","1191","1191","labeling/rotated/ex1_rotate/hor.png,labeling/rotated/ex1_rotate/rotate_plus.png"
"05178a09-cb69-4128-8559-a51258854df1","rotate1_2","53","windowEvents","undefined","undefined","undefined","undefined","undefined","undefined","undefined","{""focus"":2,""input"":1,""keydown"":0,""keyup"":0,""mousemove"":7,""mousedown"":2,""mouseup"":2,""resize"":0,""scroll"":0,""visibility"":0}","undefined","undefined","undefined","undefined"
"05178a09-cb69-4128-8559-a51258854df1","rotate3_1","54","chosen_image","completed","undefined","undefined","undefined","100.00","Choose the picture your prefer","Select one:","a","undefined","1206","1206","labeling/rotated/ex3_rotate/hor.png,labeling/rotated/ex3_rotate/rotate_min.png"
"05178a09-cb69-4128-8559-a51258854df1","rotate3_1","54","windowEvents","undefined","undefined","undefined","undefined","undefined","undefined","undefined","{""focus"":2,""input"":1,""keydown"":0,""keyup"":0,""mousemove"":8,""mousedown"":2,""mouseup"":2,""resize"":0,""scroll"":0,""visibility"":0}","undefined","undefined","undefined","undefined"
"05178a09-cb69-4128-8559-a51258854df1","rotate2_1","55","chosen_image","completed","undefined","undefined","undefined","100.00","Choose the picture your prefer","Select one:","b","undefined","2248","2248","labeling/rotated/ex2_rotate/hor.png,labeling/rotated/ex2_rotate/rotate_min.png"
"05178a09-cb69-4128-8559-a51258854df1","rotate2_1","55","windowEvents","undefined","undefined","undefined","undefined","undefined","undefined","undefined","{""focus"":2,""input"":1,""keydown"":0,""keyup"":0,""mousemove"":9,""mousedown"":4,""mouseup"":4,""resize"":0,""scroll"":0,""visibility"":0}","undefined","undefined","undefined","undefined"
"319f3aa6-ddbc-4a36-b40c-e094e2d99cfc","participantTags","null","participantTags","undefined","undefined","undefined","undefined","undefined","undefined","undefined","[]","undefined","undefined","undefined","undefined"
"78a1031c-7e70-4c8f-a0b1-b5a9b0cc7d7c","participantTags","null","participantTags","undefined","undefined","undefined","undefined","undefined","undefined","undefined","[""introduction"",""study"",""Describe"",""Label placement vibes"",""introduction2"",""Choose"",""introduction3"",""introduction4"",""Label placement rotation""]","undefined","undefined","undefined","undefined"
"78a1031c-7e70-4c8f-a0b1-b5a9b0cc7d7c","consent","0","signature","in progress","undefined","undefined","undefined","5.36","undefined","Your signature (either your name or initials)","Soeren (Test)","undefined","2241961","2086001","undefined"
"78a1031c-7e70-4c8f-a0b1-b5a9b0cc7d7c","consent","0","accept","in progress","undefined","undefined","undefined","5.36","undefined","Do you consent to the study and wish to continue?","Accept","undefined","2241961","2086001","undefined"
"78a1031c-7e70-4c8f-a0b1-b5a9b0cc7d7c","consent","0","windowEvents","undefined","undefined","undefined","undefined","undefined","undefined","undefined","{""focus"":16,""input"":12,""keydown"":23,""keyup"":16,""mousemove"":386,""mousedown"":12,""mouseup"":11,""resize"":4,""scroll"":9,""visibility"":4}","undefined","undefined","undefined","undefined"
"78a1031c-7e70-4c8f-a0b1-b5a9b0cc7d7c","introduction1","1","","in progress","undefined","undefined","undefined","5.36","undefined","undefined","undefined","undefined","97982","97982","undefined"
"78a1031c-7e70-4c8f-a0b1-b5a9b0cc7d7c","introduction1","1","windowEvents","undefined","undefined","undefined","undefined","undefined","undefined","undefined","{""focus"":1,""input"":0,""keydown"":2,""keyup"":1,""mousemove"":124,""mousedown"":2,""mouseup"":2,""resize"":0,""scroll"":1,""visibility"":0}","undefined","undefined","undefined","undefined"
"78a1031c-7e70-4c8f-a0b1-b5a9b0cc7d7c","ex4","2","difference","in progress","undefined","undefined","undefined","5.36","Look at the image carefully, then answer the questions below.","Describe the difference between the second image compared to the first image.","a","undefined","119155","119155","undefined"
"78a1031c-7e70-4c8f-a0b1-b5a9b0cc7d7c","ex4","2","transform_1","in progress","undefined","undefined","undefined","5.36","Look at the image carefully, then answer the questions below.","Desribe how you would transform the first image into the second image in three or less steps","a","undefined","119155","119155","undefined"
"78a1031c-7e70-4c8f-a0b1-b5a9b0cc7d7c","ex4","2","transform_2","in progress","undefined","undefined","undefined","5.36","Look at the image carefully, then answer the questions below.","","a","undefined","119155","119155","undefined"
"78a1031c-7e70-4c8f-a0b1-b5a9b0cc7d7c","ex4","2","transform_3","in progress","undefined","undefined","undefined","5.36","Look at the image carefully, then answer the questions below.","","a","undefined","119155","119155","undefined"
"78a1031c-7e70-4c8f-a0b1-b5a9b0cc7d7c","ex4","2","windowEvents","undefined","undefined","undefined","undefined","undefined","undefined","undefined","{""focus"":9,""input"":9,""keydown"":13,""keyup"":11,""mousemove"":228,""mousedown"":11,""mouseup"":11,""resize"":0,""scroll"":0,""visibility"":0}","undefined","undefined","undefined","undefined"
"78a1031c-7e70-4c8f-a0b1-b5a9b0cc7d7c","ex12b","3","","in progress","undefined","undefined","undefined","5.36","Look at the image carefully, then answer the questions below.","undefined","undefined","undefined","undefined","undefined","ex12/ex12_remade1.png,ex12/ex12_remade2.png"
"78a1031c-7e70-4c8f-a0b1-b5a9b0cc7d7c","ex12b","3","windowEvents","undefined","undefined","undefined","undefined","undefined","undefined","undefined","{""focus"":0,""input"":0,""keydown"":0,""keyup"":0,""mousemove"":0,""mousedown"":0,""mouseup"":0,""resize"":0,""scroll"":0,""visibility"":0}","undefined","undefined","undefined","undefined"
"78a1031c-7e70-4c8f-a0b1-b5a9b0cc7d7c","ex16","4","","in progress","undefined","undefined","undefined","5.36","Look at the image carefully, then answer the questions below.","undefined","undefined","undefined","undefined","undefined","ex16/before.png,ex16/after.png"
"78a1031c-7e70-4c8f-a0b1-b5a9b0cc7d7c","ex16","4","windowEvents","undefined","undefined","undefined","undefined","undefined","undefined","undefined","{""focus"":0,""input"":0,""keydown"":0,""keyup"":0,""mousemove"":0,""mousedown"":0,""mouseup"":0,""resize"":0,""scroll"":0,""visibility"":0}","undefined","undefined","undefined","undefined"
"78a1031c-7e70-4c8f-a0b1-b5a9b0cc7d7c","ex12","5","","in progress","undefined","undefined","undefined","5.36","Look at the image carefully, then answer the questions below.","undefined","undefined","undefined","undefined","undefined","undefined"
"78a1031c-7e70-4c8f-a0b1-b5a9b0cc7d7c","ex12","5","windowEvents","undefined","undefined","undefined","undefined","undefined","undefined","undefined","{""focus"":0,""input"":0,""keydown"":0,""keyup"":0,""mousemove"":0,""mousedown"":0,""mouseup"":0,""resize"":0,""scroll"":0,""visibility"":0}","undefined","undefined","undefined","undefined"
"78a1031c-7e70-4c8f-a0b1-b5a9b0cc7d7c","ex10","6","","in progress","undefined","undefined","undefined","5.36","Look at the image carefully, then answer the questions below.","undefined","undefined","undefined","undefined","undefined","undefined"
"78a1031c-7e70-4c8f-a0b1-b5a9b0cc7d7c","ex10","6","windowEvents","undefined","undefined","undefined","undefined","undefined","undefined","undefined","{""focus"":0,""input"":0,""keydown"":0,""keyup"":0,""mousemove"":0,""mousedown"":0,""mouseup"":0,""resize"":0,""scroll"":0,""visibility"":0}","undefined","undefined","undefined","undefined"
"78a1031c-7e70-4c8f-a0b1-b5a9b0cc7d7c","ex5","7","","in progress","undefined","undefined","undefined","5.36","Look at the image carefully, then answer the questions below.","undefined","undefined","undefined","undefined","undefined","undefined"
"78a1031c-7e70-4c8f-a0b1-b5a9b0cc7d7c","ex5","7","windowEvents","undefined","undefined","undefined","undefined","undefined","undefined","undefined","{""focus"":0,""input"":0,""keydown"":0,""keyup"":0,""mousemove"":0,""mousedown"":0,""mouseup"":0,""resize"":0,""scroll"":0,""visibility"":0}","undefined","undefined","undefined","undefined"
"78a1031c-7e70-4c8f-a0b1-b5a9b0cc7d7c","ex11","8","","in progress","undefined","undefined","undefined","5.36","Look at the image carefully, then answer the questions below.","undefined","undefined","undefined","undefined","undefined","undefined"
"78a1031c-7e70-4c8f-a0b1-b5a9b0cc7d7c","ex11","8","windowEvents","undefined","undefined","undefined","undefined","undefined","undefined","undefined","{""focus"":0,""input"":0,""keydown"":0,""keyup"":0,""mousemove"":0,""mousedown"":0,""mouseup"":0,""resize"":0,""scroll"":0,""visibility"":0}","undefined","undefined","undefined","undefined"
"78a1031c-7e70-4c8f-a0b1-b5a9b0cc7d7c","ex3","9","","in progress","undefined","undefined","undefined","5.36","Look at the image carefully, then answer the questions below.","undefined","undefined","undefined","undefined","undefined","undefined"
"78a1031c-7e70-4c8f-a0b1-b5a9b0cc7d7c","ex3","9","windowEvents","undefined","undefined","undefined","undefined","undefined","undefined","undefined","{""focus"":0,""input"":0,""keydown"":0,""keyup"":0,""mousemove"":0,""mousedown"":0,""mouseup"":0,""resize"":0,""scroll"":0,""visibility"":0}","undefined","undefined","undefined","undefined"
"78a1031c-7e70-4c8f-a0b1-b5a9b0cc7d7c","ex14","10","","in progress","undefined","undefined","undefined","5.36","Look at the image carefully, then answer the questions below.","undefined","undefined","undefined","undefined","undefined","ex14/left.png,ex14/right.png"
"78a1031c-7e70-4c8f-a0b1-b5a9b0cc7d7c","ex14","10","windowEvents","undefined","undefined","undefined","undefined","undefined","undefined","undefined","{""focus"":0,""input"":0,""keydown"":0,""keyup"":0,""mousemove"":0,""mousedown"":0,""mouseup"":0,""resize"":0,""scroll"":0,""visibility"":0}","undefined","undefined","undefined","undefined"
"78a1031c-7e70-4c8f-a0b1-b5a9b0cc7d7c","ex13","11","","in progress","undefined","undefined","undefined","5.36","Look at the image carefully, then answer the questions below.","undefined","undefined","undefined","undefined","undefined","ex13/left.png,ex13/right.png"
"78a1031c-7e70-4c8f-a0b1-b5a9b0cc7d7c","ex13","11","windowEvents","undefined","undefined","undefined","undefined","undefined","undefined","undefined","{""focus"":0,""input"":0,""keydown"":0,""keyup"":0,""mousemove"":0,""mousedown"":0,""mouseup"":0,""resize"":0,""scroll"":0,""visibility"":0}","undefined","undefined","undefined","undefined"
"78a1031c-7e70-4c8f-a0b1-b5a9b0cc7d7c","ex7","12","","in progress","undefined","undefined","undefined","5.36","Look at the image carefully, then answer the questions below.","undefined","undefined","undefined","undefined","undefined","undefined"
"78a1031c-7e70-4c8f-a0b1-b5a9b0cc7d7c","ex7","12","windowEvents","undefined","undefined","undefined","undefined","undefined","undefined","undefined","{""focus"":0,""input"":0,""keydown"":0,""keyup"":0,""mousemove"":0,""mousedown"":0,""mouseup"":0,""resize"":0,""scroll"":0,""visibility"":0}","undefined","undefined","undefined","undefined"
"78a1031c-7e70-4c8f-a0b1-b5a9b0cc7d7c","ex15","13","","in progress","undefined","undefined","undefined","5.36","Look at the image carefully, then answer the questions below.","undefined","undefined","undefined","undefined","undefined","ex15/left.png,ex15/right.png"
"78a1031c-7e70-4c8f-a0b1-b5a9b0cc7d7c","ex15","13","windowEvents","undefined","undefined","undefined","undefined","undefined","undefined","undefined","{""focus"":0,""input"":0,""keydown"":0,""keyup"":0,""mousemove"":0,""mousedown"":0,""mouseup"":0,""resize"":0,""scroll"":0,""visibility"":0}","undefined","undefined","undefined","undefined"
"78a1031c-7e70-4c8f-a0b1-b5a9b0cc7d7c","ex2","14","","in progress","undefined","undefined","undefined","5.36","Look at the image carefully, then answer the questions below.","undefined","undefined","undefined","undefined","undefined","undefined"
"78a1031c-7e70-4c8f-a0b1-b5a9b0cc7d7c","ex2","14","windowEvents","undefined","undefined","undefined","undefined","undefined","undefined","undefined","{""focus"":0,""input"":0,""keydown"":0,""keyup"":0,""mousemove"":0,""mousedown"":0,""mouseup"":0,""resize"":0,""scroll"":0,""visibility"":0}","undefined","undefined","undefined","undefined"
"78a1031c-7e70-4c8f-a0b1-b5a9b0cc7d7c","ex6","15","","in progress","undefined","undefined","undefined","5.36","Look at the image carefully, then answer the questions below.","undefined","undefined","undefined","undefined","undefined","undefined"
"78a1031c-7e70-4c8f-a0b1-b5a9b0cc7d7c","ex6","15","windowEvents","undefined","undefined","undefined","undefined","undefined","undefined","undefined","{""focus"":0,""input"":0,""keydown"":0,""keyup"":0,""mousemove"":0,""mousedown"":0,""mouseup"":0,""resize"":0,""scroll"":0,""visibility"":0}","undefined","undefined","undefined","undefined"
"78a1031c-7e70-4c8f-a0b1-b5a9b0cc7d7c","ex8","16","","in progress","undefined","undefined","undefined","5.36","Look at the image carefully, then answer the questions below.","undefined","undefined","undefined","undefined","undefined","undefined"
"78a1031c-7e70-4c8f-a0b1-b5a9b0cc7d7c","ex8","16","windowEvents","undefined","undefined","undefined","undefined","undefined","undefined","undefined","{""focus"":0,""input"":0,""keydown"":0,""keyup"":0,""mousemove"":0,""mousedown"":0,""mouseup"":0,""resize"":0,""scroll"":0,""visibility"":0}","undefined","undefined","undefined","undefined"
"78a1031c-7e70-4c8f-a0b1-b5a9b0cc7d7c","ex16b","17","","in progress","undefined","undefined","undefined","5.36","Look at the image carefully, then answer the questions below.","undefined","undefined","undefined","undefined","undefined","ex16/before.png,ex16/after_2.png"
"78a1031c-7e70-4c8f-a0b1-b5a9b0cc7d7c","ex16b","17","windowEvents","undefined","undefined","undefined","undefined","undefined","undefined","undefined","{""focus"":0,""input"":0,""keydown"":0,""keyup"":0,""mousemove"":0,""mousedown"":0,""mouseup"":0,""resize"":0,""scroll"":0,""visibility"":0}","undefined","undefined","undefined","undefined"
"78a1031c-7e70-4c8f-a0b1-b5a9b0cc7d7c","ex1","18","","in progress","undefined","undefined","undefined","5.36","Look at the image carefully, then answer the questions below.","undefined","undefined","undefined","undefined","undefined","undefined"
"78a1031c-7e70-4c8f-a0b1-b5a9b0cc7d7c","ex1","18","windowEvents","undefined","undefined","undefined","undefined","undefined","undefined","undefined","{""focus"":0,""input"":0,""keydown"":0,""keyup"":0,""mousemove"":0,""mousedown"":0,""mouseup"":0,""resize"":0,""scroll"":0,""visibility"":0}","undefined","undefined","undefined","undefined"
"78a1031c-7e70-4c8f-a0b1-b5a9b0cc7d7c","ex9","19","","in progress","undefined","undefined","undefined","5.36","Look at the image carefully, then answer the questions below.","undefined","undefined","undefined","undefined","undefined","undefined"
"78a1031c-7e70-4c8f-a0b1-b5a9b0cc7d7c","ex9","19","windowEvents","undefined","undefined","undefined","undefined","undefined","undefined","undefined","{""focus"":0,""input"":0,""keydown"":0,""keyup"":0,""mousemove"":0,""mousedown"":0,""mouseup"":0,""resize"":0,""scroll"":0,""visibility"":0}","undefined","undefined","undefined","undefined"
"78a1031c-7e70-4c8f-a0b1-b5a9b0cc7d7c","introduction2","20","","in progress","undefined","undefined","undefined","5.36","undefined","undefined","undefined","undefined","undefined","undefined","undefined"
"78a1031c-7e70-4c8f-a0b1-b5a9b0cc7d7c","introduction2","20","windowEvents","undefined","undefined","undefined","undefined","undefined","undefined","undefined","{""focus"":0,""input"":0,""keydown"":0,""keyup"":0,""mousemove"":0,""mousedown"":0,""mouseup"":0,""resize"":0,""scroll"":0,""visibility"":0}","undefined","undefined","undefined","undefined"
"78a1031c-7e70-4c8f-a0b1-b5a9b0cc7d7c","choice1","21","","in progress","undefined","undefined","undefined","5.36","After performing the action 'Pivot around node X anti-clockwise' what would be the more appropriate outcome, image A or B?","undefined","undefined","undefined","undefined","undefined","undefined"
"78a1031c-7e70-4c8f-a0b1-b5a9b0cc7d7c","choice1","21","windowEvents","undefined","undefined","undefined","undefined","undefined","undefined","undefined","{""focus"":0,""input"":0,""keydown"":0,""keyup"":0,""mousemove"":0,""mousedown"":0,""mouseup"":0,""resize"":0,""scroll"":0,""visibility"":0}","undefined","undefined","undefined","undefined"
"78a1031c-7e70-4c8f-a0b1-b5a9b0cc7d7c","choice2","22","","in progress","undefined","undefined","undefined","5.36","After performing the action 'Straigten nodes' would you expect the machine to produce image A, B or C?","undefined","undefined","undefined","undefined","undefined","undefined"
"78a1031c-7e70-4c8f-a0b1-b5a9b0cc7d7c","choice2","22","windowEvents","undefined","undefined","undefined","undefined","undefined","undefined","undefined","{""focus"":0,""input"":0,""keydown"":0,""keyup"":0,""mousemove"":0,""mousedown"":0,""mouseup"":0,""resize"":0,""scroll"":0,""visibility"":0}","undefined","undefined","undefined","undefined"
"78a1031c-7e70-4c8f-a0b1-b5a9b0cc7d7c","introduction3","23","","in progress","undefined","undefined","undefined","5.36","undefined","undefined","undefined","undefined","undefined","undefined","undefined"
"78a1031c-7e70-4c8f-a0b1-b5a9b0cc7d7c","introduction3","23","windowEvents","undefined","undefined","undefined","undefined","undefined","undefined","undefined","{""focus"":0,""input"":0,""keydown"":0,""keyup"":0,""mousemove"":0,""mousedown"":0,""mouseup"":0,""resize"":0,""scroll"":0,""visibility"":0}","undefined","undefined","undefined","undefined"
"78a1031c-7e70-4c8f-a0b1-b5a9b0cc7d7c","label2","24","","in progress","undefined","undefined","undefined","5.36","Choose the picture your prefer","undefined","undefined","undefined","undefined","undefined","labeling/outside_labeling/base2.png,labeling/outside_labeling/with_outside2.png"
"78a1031c-7e70-4c8f-a0b1-b5a9b0cc7d7c","label2","24","windowEvents","undefined","undefined","undefined","undefined","undefined","undefined","undefined","{""focus"":0,""input"":0,""keydown"":0,""keyup"":0,""mousemove"":0,""mousedown"":0,""mouseup"":0,""resize"":0,""scroll"":0,""visibility"":0}","undefined","undefined","undefined","undefined"
"78a1031c-7e70-4c8f-a0b1-b5a9b0cc7d7c","spring_2","25","","in progress","undefined","undefined","undefined","5.36","Choose the picture your prefer","undefined","undefined","undefined","undefined","undefined","labeling/spring/spring_label_2.png,labeling/spring/spring_label_1.png"
"78a1031c-7e70-4c8f-a0b1-b5a9b0cc7d7c","spring_2","25","windowEvents","undefined","undefined","undefined","undefined","undefined","undefined","undefined","{""focus"":0,""input"":0,""keydown"":0,""keyup"":0,""mousemove"":0,""mousedown"":0,""mouseup"":0,""resize"":0,""scroll"":0,""visibility"":0}","undefined","undefined","undefined","undefined"
"78a1031c-7e70-4c8f-a0b1-b5a9b0cc7d7c","slider1_2_2","26","","in progress","undefined","undefined","undefined","5.36","Choose the picture your prefer","undefined","undefined","undefined","undefined","undefined","labeling/sliders/ex1_sliders/no_slider.png,labeling/sliders/ex1_sliders/sameside_hor.png"
"78a1031c-7e70-4c8f-a0b1-b5a9b0cc7d7c","slider1_2_2","26","windowEvents","undefined","undefined","undefined","undefined","undefined","undefined","undefined","{""focus"":0,""input"":0,""keydown"":0,""keyup"":0,""mousemove"":0,""mousedown"":0,""mouseup"":0,""resize"":0,""scroll"":0,""visibility"":0}","undefined","undefined","undefined","undefined"
"78a1031c-7e70-4c8f-a0b1-b5a9b0cc7d7c","slider2_2_1","27","","in progress","undefined","undefined","undefined","5.36","Choose the picture your prefer","undefined","undefined","undefined","undefined","undefined","labeling/sliders/ex2_sliders/no_slider.png,labeling/sliders/ex2_sliders/sameside1.png"
"78a1031c-7e70-4c8f-a0b1-b5a9b0cc7d7c","slider2_2_1","27","windowEvents","undefined","undefined","undefined","undefined","undefined","undefined","undefined","{""focus"":0,""input"":0,""keydown"":0,""keyup"":0,""mousemove"":0,""mousedown"":0,""mouseup"":0,""resize"":0,""scroll"":0,""visibility"":0}","undefined","undefined","undefined","undefined"
"78a1031c-7e70-4c8f-a0b1-b5a9b0cc7d7c","slider2_2_2","28","","in progress","undefined","undefined","undefined","5.36","Choose the picture your prefer","undefined","undefined","undefined","undefined","undefined","labeling/sliders/ex2_sliders/no_slider.png,labeling/sliders/ex2_sliders/sameside_hor.png"
"78a1031c-7e70-4c8f-a0b1-b5a9b0cc7d7c","slider2_2_2","28","windowEvents","undefined","undefined","undefined","undefined","undefined","undefined","undefined","{""focus"":0,""input"":0,""keydown"":0,""keyup"":0,""mousemove"":0,""mousedown"":0,""mouseup"":0,""resize"":0,""scroll"":0,""visibility"":0}","undefined","undefined","undefined","undefined"
"78a1031c-7e70-4c8f-a0b1-b5a9b0cc7d7c","slider1_1_2","29","","in progress","undefined","undefined","undefined","5.36","Choose the picture your prefer","undefined","undefined","undefined","undefined","undefined","labeling/sliders/ex1_sliders/hor2.png,labeling/sliders/ex1_sliders/no_slider.png"
"78a1031c-7e70-4c8f-a0b1-b5a9b0cc7d7c","slider1_1_2","29","windowEvents","undefined","undefined","undefined","undefined","undefined","undefined","undefined","{""focus"":0,""input"":0,""keydown"":0,""keyup"":0,""mousemove"":0,""mousedown"":0,""mouseup"":0,""resize"":0,""scroll"":0,""visibility"":0}","undefined","undefined","undefined","undefined"
"78a1031c-7e70-4c8f-a0b1-b5a9b0cc7d7c","circle_2_3","30","","in progress","undefined","undefined","undefined","5.36","Choose the picture your prefer","undefined","undefined","undefined","undefined","undefined","labeling/outside_labeling/circles/small_3.png,labeling/outside_labeling/circles/small_1.png"
"78a1031c-7e70-4c8f-a0b1-b5a9b0cc7d7c","circle_2_3","30","windowEvents","undefined","undefined","undefined","undefined","undefined","undefined","undefined","{""focus"":0,""input"":0,""keydown"":0,""keyup"":0,""mousemove"":0,""mousedown"":0,""mouseup"":0,""resize"":0,""scroll"":0,""visibility"":0}","undefined","undefined","undefined","undefined"
"78a1031c-7e70-4c8f-a0b1-b5a9b0cc7d7c","slider1_1_1","31","","in progress","undefined","undefined","undefined","5.36","Choose the picture your prefer","undefined","undefined","undefined","undefined","undefined","labeling/sliders/ex1_sliders/no_slider.png,labeling/sliders/ex1_sliders/hor1.png"
"78a1031c-7e70-4c8f-a0b1-b5a9b0cc7d7c","slider1_1_1","31","windowEvents","undefined","undefined","undefined","undefined","undefined","undefined","undefined","{""focus"":0,""input"":0,""keydown"":0,""keyup"":0,""mousemove"":0,""mousedown"":0,""mouseup"":0,""resize"":0,""scroll"":0,""visibility"":0}","undefined","undefined","undefined","undefined"
"78a1031c-7e70-4c8f-a0b1-b5a9b0cc7d7c","slider2_1_2","32","","in progress","undefined","undefined","undefined","5.36","Choose the picture your prefer","undefined","undefined","undefined","undefined","undefined","labeling/sliders/ex2_sliders/hor2.png,labeling/sliders/ex2_sliders/no_slider.png"
"78a1031c-7e70-4c8f-a0b1-b5a9b0cc7d7c","slider2_1_2","32","windowEvents","undefined","undefined","undefined","undefined","undefined","undefined","undefined","{""focus"":0,""input"":0,""keydown"":0,""keyup"":0,""mousemove"":0,""mousedown"":0,""mouseup"":0,""resize"":0,""scroll"":0,""visibility"":0}","undefined","undefined","undefined","undefined"
"78a1031c-7e70-4c8f-a0b1-b5a9b0cc7d7c","circle_1_3","33","","in progress","undefined","undefined","undefined","5.36","Choose the picture your prefer","undefined","undefined","undefined","undefined","undefined","labeling/outside_labeling/circles/circle_3.png,labeling/outside_labeling/circles/circle_1.png"
"78a1031c-7e70-4c8f-a0b1-b5a9b0cc7d7c","circle_1_3","33","windowEvents","undefined","undefined","undefined","undefined","undefined","undefined","undefined","{""focus"":0,""input"":0,""keydown"":0,""keyup"":0,""mousemove"":0,""mousedown"":0,""mouseup"":0,""resize"":0,""scroll"":0,""visibility"":0}","undefined","undefined","undefined","undefined"
"78a1031c-7e70-4c8f-a0b1-b5a9b0cc7d7c","label3","34","","in progress","undefined","undefined","undefined","5.36","Choose the picture your prefer","undefined","undefined","undefined","undefined","undefined","labeling/outside_labeling/base3.png,labeling/outside_labeling/with_outside3.png"
"78a1031c-7e70-4c8f-a0b1-b5a9b0cc7d7c","label3","34","windowEvents","undefined","undefined","undefined","undefined","undefined","undefined","undefined","{""focus"":0,""input"":0,""keydown"":0,""keyup"":0,""mousemove"":0,""mousedown"":0,""mouseup"":0,""resize"":0,""scroll"":0,""visibility"":0}","undefined","undefined","undefined","undefined"
"78a1031c-7e70-4c8f-a0b1-b5a9b0cc7d7c","label1","35","","in progress","undefined","undefined","undefined","5.36","Choose the picture your prefer","undefined","undefined","undefined","undefined","undefined","labeling/outside_labeling/base1.png,labeling/outside_labeling/with_outside1.png"
"78a1031c-7e70-4c8f-a0b1-b5a9b0cc7d7c","label1","35","windowEvents","undefined","undefined","undefined","undefined","undefined","undefined","undefined","{""focus"":0,""input"":0,""keydown"":0,""keyup"":0,""mousemove"":0,""mousedown"":0,""mouseup"":0,""resize"":0,""scroll"":0,""visibility"":0}","undefined","undefined","undefined","undefined"
"78a1031c-7e70-4c8f-a0b1-b5a9b0cc7d7c","slider1_1_3","36","","in progress","undefined","undefined","undefined","5.36","Choose the picture your prefer","undefined","undefined","undefined","undefined","undefined","labeling/sliders/ex1_sliders/hor2.png,labeling/sliders/ex1_sliders/hor1.png"
"78a1031c-7e70-4c8f-a0b1-b5a9b0cc7d7c","slider1_1_3","36","windowEvents","undefined","undefined","undefined","undefined","undefined","undefined","undefined","{""focus"":0,""input"":0,""keydown"":0,""keyup"":0,""mousemove"":0,""mousedown"":0,""mouseup"":0,""resize"":0,""scroll"":0,""visibility"":0}","undefined","undefined","undefined","undefined"
"78a1031c-7e70-4c8f-a0b1-b5a9b0cc7d7c","slider2_1_3","37","","in progress","undefined","undefined","undefined","5.36","Choose the picture your prefer","undefined","undefined","undefined","undefined","undefined","labeling/sliders/ex2_sliders/hor1.png,labeling/sliders/ex2_sliders/hor2.png"
"78a1031c-7e70-4c8f-a0b1-b5a9b0cc7d7c","slider2_1_3","37","windowEvents","undefined","undefined","undefined","undefined","undefined","undefined","undefined","{""focus"":0,""input"":0,""keydown"":0,""keyup"":0,""mousemove"":0,""mousedown"":0,""mouseup"":0,""resize"":0,""scroll"":0,""visibility"":0}","undefined","undefined","undefined","undefined"
"78a1031c-7e70-4c8f-a0b1-b5a9b0cc7d7c","circle_2_1","38","","in progress","undefined","undefined","undefined","5.36","Choose the picture your prefer","undefined","undefined","undefined","undefined","undefined","labeling/outside_labeling/circles/small_1.png,labeling/outside_labeling/circles/small_2.png"
"78a1031c-7e70-4c8f-a0b1-b5a9b0cc7d7c","circle_2_1","38","windowEvents","undefined","undefined","undefined","undefined","undefined","undefined","undefined","{""focus"":0,""input"":0,""keydown"":0,""keyup"":0,""mousemove"":0,""mousedown"":0,""mouseup"":0,""resize"":0,""scroll"":0,""visibility"":0}","undefined","undefined","undefined","undefined"
"78a1031c-7e70-4c8f-a0b1-b5a9b0cc7d7c","spring_3","39","","in progress","undefined","undefined","undefined","5.36","Choose the picture your prefer","undefined","undefined","undefined","undefined","undefined","labeling/spring/spring_label_1.png,labeling/spring/spring_label_3.png"
"78a1031c-7e70-4c8f-a0b1-b5a9b0cc7d7c","spring_3","39","windowEvents","undefined","undefined","undefined","undefined","undefined","undefined","undefined","{""focus"":0,""input"":0,""keydown"":0,""keyup"":0,""mousemove"":0,""mousedown"":0,""mouseup"":0,""resize"":0,""scroll"":0,""visibility"":0}","undefined","undefined","undefined","undefined"
"78a1031c-7e70-4c8f-a0b1-b5a9b0cc7d7c","slider2_1_1","40","","in progress","undefined","undefined","undefined","5.36","Choose the picture your prefer","undefined","undefined","undefined","undefined","undefined","labeling/sliders/ex2_sliders/no_slider.png,labeling/sliders/ex2_sliders/hor1.png"
"78a1031c-7e70-4c8f-a0b1-b5a9b0cc7d7c","slider2_1_1","40","windowEvents","undefined","undefined","undefined","undefined","undefined","undefined","undefined","{""focus"":0,""input"":0,""keydown"":0,""keyup"":0,""mousemove"":0,""mousedown"":0,""mouseup"":0,""resize"":0,""scroll"":0,""visibility"":0}","undefined","undefined","undefined","undefined"
"78a1031c-7e70-4c8f-a0b1-b5a9b0cc7d7c","circle_2_2","41","","in progress","undefined","undefined","undefined","5.36","Choose the picture your prefer","undefined","undefined","undefined","undefined","undefined","labeling/outside_labeling/circles/small_2.png,labeling/outside_labeling/circles/small_3.png"
"78a1031c-7e70-4c8f-a0b1-b5a9b0cc7d7c","circle_2_2","41","windowEvents","undefined","undefined","undefined","undefined","undefined","undefined","undefined","{""focus"":0,""input"":0,""keydown"":0,""keyup"":0,""mousemove"":0,""mousedown"":0,""mouseup"":0,""resize"":0,""scroll"":0,""visibility"":0}","undefined","undefined","undefined","undefined"
"78a1031c-7e70-4c8f-a0b1-b5a9b0cc7d7c","spring_1","42","","in progress","undefined","undefined","undefined","5.36","Choose the picture your prefer","undefined","undefined","undefined","undefined","undefined","labeling/spring/spring_label_2.png,labeling/spring/spring_label_3.png"
"78a1031c-7e70-4c8f-a0b1-b5a9b0cc7d7c","spring_1","42","windowEvents","undefined","undefined","undefined","undefined","undefined","undefined","undefined","{""focus"":0,""input"":0,""keydown"":0,""keyup"":0,""mousemove"":0,""mousedown"":0,""mouseup"":0,""resize"":0,""scroll"":0,""visibility"":0}","undefined","undefined","undefined","undefined"
"78a1031c-7e70-4c8f-a0b1-b5a9b0cc7d7c","slider1_2_1","43","","in progress","undefined","undefined","undefined","5.36","Choose the picture your prefer","undefined","undefined","undefined","undefined","undefined","labeling/sliders/ex1_sliders/no_slider.png,labeling/sliders/ex1_sliders/sameside1.png"
"78a1031c-7e70-4c8f-a0b1-b5a9b0cc7d7c","slider1_2_1","43","windowEvents","undefined","undefined","undefined","undefined","undefined","undefined","undefined","{""focus"":0,""input"":0,""keydown"":0,""keyup"":0,""mousemove"":0,""mousedown"":0,""mouseup"":0,""resize"":0,""scroll"":0,""visibility"":0}","undefined","undefined","undefined","undefined"
"78a1031c-7e70-4c8f-a0b1-b5a9b0cc7d7c","circle_1_2","44","","in progress","undefined","undefined","undefined","5.36","Choose the picture your prefer","undefined","undefined","undefined","undefined","undefined","labeling/outside_labeling/circles/circle_2.png,labeling/outside_labeling/circles/circle_3.png"
"78a1031c-7e70-4c8f-a0b1-b5a9b0cc7d7c","circle_1_2","44","windowEvents","undefined","undefined","undefined","undefined","undefined","undefined","undefined","{""focus"":0,""input"":0,""keydown"":0,""keyup"":0,""mousemove"":0,""mousedown"":0,""mouseup"":0,""resize"":0,""scroll"":0,""visibility"":0}","undefined","undefined","undefined","undefined"
"78a1031c-7e70-4c8f-a0b1-b5a9b0cc7d7c","label4","45","","in progress","undefined","undefined","undefined","5.36","Choose the picture your prefer","undefined","undefined","undefined","undefined","undefined","labeling/outside_labeling/base4.png,labeling/outside_labeling/with_outside4.png"
"78a1031c-7e70-4c8f-a0b1-b5a9b0cc7d7c","label4","45","windowEvents","undefined","undefined","undefined","undefined","undefined","undefined","undefined","{""focus"":0,""input"":0,""keydown"":0,""keyup"":0,""mousemove"":0,""mousedown"":0,""mouseup"":0,""resize"":0,""scroll"":0,""visibility"":0}","undefined","undefined","undefined","undefined"
"78a1031c-7e70-4c8f-a0b1-b5a9b0cc7d7c","circle_1_1","46","","in progress","undefined","undefined","undefined","5.36","Choose the picture your prefer","undefined","undefined","undefined","undefined","undefined","labeling/outside_labeling/circles/circle_1.png,labeling/outside_labeling/circles/circle_2.png"
"78a1031c-7e70-4c8f-a0b1-b5a9b0cc7d7c","circle_1_1","46","windowEvents","undefined","undefined","undefined","undefined","undefined","undefined","undefined","{""focus"":0,""input"":0,""keydown"":0,""keyup"":0,""mousemove"":0,""mousedown"":0,""mouseup"":0,""resize"":0,""scroll"":0,""visibility"":0}","undefined","undefined","undefined","undefined"
"78a1031c-7e70-4c8f-a0b1-b5a9b0cc7d7c","slider2_2_3","47","","in progress","undefined","undefined","undefined","5.36","Choose the picture your prefer","undefined","undefined","undefined","undefined","undefined","labeling/sliders/ex2_sliders/sameside1.png,labeling/sliders/ex2_sliders/sameside_hor.png"
"78a1031c-7e70-4c8f-a0b1-b5a9b0cc7d7c","slider2_2_3","47","windowEvents","undefined","undefined","undefined","undefined","undefined","undefined","undefined","{""focus"":0,""input"":0,""keydown"":0,""keyup"":0,""mousemove"":0,""mousedown"":0,""mouseup"":0,""resize"":0,""scroll"":0,""visibility"":0}","undefined","undefined","undefined","undefined"
"78a1031c-7e70-4c8f-a0b1-b5a9b0cc7d7c","slider1_2_3","48","","in progress","undefined","undefined","undefined","5.36","Choose the picture your prefer","undefined","undefined","undefined","undefined","undefined","labeling/sliders/ex1_sliders/sameside1.png,labeling/sliders/ex1_sliders/sameside_hor.png"
"78a1031c-7e70-4c8f-a0b1-b5a9b0cc7d7c","slider1_2_3","48","windowEvents","undefined","undefined","undefined","undefined","undefined","undefined","undefined","{""focus"":0,""input"":0,""keydown"":0,""keyup"":0,""mousemove"":0,""mousedown"":0,""mouseup"":0,""resize"":0,""scroll"":0,""visibility"":0}","undefined","undefined","undefined","undefined"
"78a1031c-7e70-4c8f-a0b1-b5a9b0cc7d7c","introduction4","49","","in progress","undefined","undefined","undefined","5.36","undefined","undefined","undefined","undefined","undefined","undefined","undefined"
"78a1031c-7e70-4c8f-a0b1-b5a9b0cc7d7c","introduction4","49","windowEvents","undefined","undefined","undefined","undefined","undefined","undefined","undefined","{""focus"":0,""input"":0,""keydown"":0,""keyup"":0,""mousemove"":0,""mousedown"":0,""mouseup"":0,""resize"":0,""scroll"":0,""visibility"":0}","undefined","undefined","undefined","undefined"
"78a1031c-7e70-4c8f-a0b1-b5a9b0cc7d7c","rotate3_1","50","","in progress","undefined","undefined","undefined","5.36","Choose the picture your prefer","undefined","undefined","undefined","undefined","undefined","labeling/rotated/ex3_rotate/hor.png,labeling/rotated/ex3_rotate/rotate_min.png"
"78a1031c-7e70-4c8f-a0b1-b5a9b0cc7d7c","rotate3_1","50","windowEvents","undefined","undefined","undefined","undefined","undefined","undefined","undefined","{""focus"":0,""input"":0,""keydown"":0,""keyup"":0,""mousemove"":0,""mousedown"":0,""mouseup"":0,""resize"":0,""scroll"":0,""visibility"":0}","undefined","undefined","undefined","undefined"
"78a1031c-7e70-4c8f-a0b1-b5a9b0cc7d7c","rotate2_1","51","","in progress","undefined","undefined","undefined","5.36","Choose the picture your prefer","undefined","undefined","undefined","undefined","undefined","labeling/rotated/ex2_rotate/hor.png,labeling/rotated/ex2_rotate/rotate_min.png"
"78a1031c-7e70-4c8f-a0b1-b5a9b0cc7d7c","rotate2_1","51","windowEvents","undefined","undefined","undefined","undefined","undefined","undefined","undefined","{""focus"":0,""input"":0,""keydown"":0,""keyup"":0,""mousemove"":0,""mousedown"":0,""mouseup"":0,""resize"":0,""scroll"":0,""visibility"":0}","undefined","undefined","undefined","undefined"
"78a1031c-7e70-4c8f-a0b1-b5a9b0cc7d7c","rotate1_1","52","","in progress","undefined","undefined","undefined","5.36","Choose the picture your prefer","undefined","undefined","undefined","undefined","undefined","labeling/rotated/ex1_rotate/hor.png,labeling/rotated/ex1_rotate/rotate_min.png"
"78a1031c-7e70-4c8f-a0b1-b5a9b0cc7d7c","rotate1_1","52","windowEvents","undefined","undefined","undefined","undefined","undefined","undefined","undefined","{""focus"":0,""input"":0,""keydown"":0,""keyup"":0,""mousemove"":0,""mousedown"":0,""mouseup"":0,""resize"":0,""scroll"":0,""visibility"":0}","undefined","undefined","undefined","undefined"
"78a1031c-7e70-4c8f-a0b1-b5a9b0cc7d7c","rotate3_2","53","","in progress","undefined","undefined","undefined","5.36","Choose the picture your prefer","undefined","undefined","undefined","undefined","undefined","labeling/rotated/ex3_rotate/rotate_plus.png,labeling/rotated/ex3_rotate/hor.png"
"78a1031c-7e70-4c8f-a0b1-b5a9b0cc7d7c","rotate3_2","53","windowEvents","undefined","undefined","undefined","undefined","undefined","undefined","undefined","{""focus"":0,""input"":0,""keydown"":0,""keyup"":0,""mousemove"":0,""mousedown"":0,""mouseup"":0,""resize"":0,""scroll"":0,""visibility"":0}","undefined","undefined","undefined","undefined"
"78a1031c-7e70-4c8f-a0b1-b5a9b0cc7d7c","rotate2_2","54","","in progress","undefined","undefined","undefined","5.36","Choose the picture your prefer","undefined","undefined","undefined","undefined","undefined","labeling/rotated/ex2_rotate/rotate_plus.png,labeling/rotated/ex2_rotate/hor.png"
"78a1031c-7e70-4c8f-a0b1-b5a9b0cc7d7c","rotate2_2","54","windowEvents","undefined","undefined","undefined","undefined","undefined","undefined","undefined","{""focus"":0,""input"":0,""keydown"":0,""keyup"":0,""mousemove"":0,""mousedown"":0,""mouseup"":0,""resize"":0,""scroll"":0,""visibility"":0}","undefined","undefined","undefined","undefined"
"78a1031c-7e70-4c8f-a0b1-b5a9b0cc7d7c","rotate1_2","55","","in progress","undefined","undefined","undefined","5.36","Choose the picture your prefer","undefined","undefined","undefined","undefined","undefined","labeling/rotated/ex1_rotate/hor.png,labeling/rotated/ex1_rotate/rotate_plus.png"
"78a1031c-7e70-4c8f-a0b1-b5a9b0cc7d7c","rotate1_2","55","windowEvents","undefined","undefined","undefined","undefined","undefined","undefined","undefined","{""focus"":0,""input"":0,""keydown"":0,""keyup"":0,""mousemove"":0,""mousedown"":0,""mouseup"":0,""resize"":0,""scroll"":0,""visibility"":0}","undefined","undefined","undefined","undefined"
"922d8bfe-b45d-42bb-82c6-6686f843f35c","participantTags","null","participantTags","undefined","undefined","undefined","undefined","undefined","undefined","undefined","[]","undefined","undefined","undefined","undefined"
"b16885e8-0271-416f-8a30-387052406b94","participantTags","null","participantTags","undefined","undefined","undefined","undefined","undefined","undefined","undefined","[""Describe"",""study"",""Choose""]","undefined","undefined","undefined","undefined"
"c22c4729-f12c-40f9-b37c-d40c62fdeac7","participantTags","null","participantTags","undefined","undefined","undefined","undefined","undefined","undefined","undefined","[]","undefined","undefined","undefined","undefined"
"dd498109-8588-419f-a8dc-176c6f9f2033","participantTags","null","participantTags","undefined","undefined","undefined","undefined","undefined","undefined","undefined","[""introduction"",""study"",""Describe"",""introduction2"",""Choose"",""introduction3"",""Label placement vibes"",""introduction4"",""Label placement rotation""]","undefined","undefined","undefined","undefined"
"dd498109-8588-419f-a8dc-176c6f9f2033","consent","0","signature","completed","undefined","undefined","undefined","100.00","undefined","Your signature (either your name or initials)","Soeren (Test 2)","undefined","25637","25637","undefined"
"dd498109-8588-419f-a8dc-176c6f9f2033","consent","0","accept","completed","undefined","undefined","undefined","100.00","undefined","Do you consent to the study and wish to continue?","Accept","undefined","25637","25637","undefined"
"dd498109-8588-419f-a8dc-176c6f9f2033","consent","0","windowEvents","undefined","undefined","undefined","undefined","undefined","undefined","undefined","{""focus"":3,""input"":13,""keydown"":17,""keyup"":14,""mousemove"":47,""mousedown"":3,""mouseup"":2,""resize"":0,""scroll"":2,""visibility"":0}","undefined","undefined","undefined","undefined"
"dd498109-8588-419f-a8dc-176c6f9f2033","introduction1","1","","completed","undefined","undefined","undefined","100.00","undefined","undefined","undefined","undefined","16050","16050","undefined"
"dd498109-8588-419f-a8dc-176c6f9f2033","introduction1","1","windowEvents","undefined","undefined","undefined","undefined","undefined","undefined","undefined","{""focus"":1,""input"":0,""keydown"":0,""keyup"":0,""mousemove"":25,""mousedown"":1,""mouseup"":1,""resize"":0,""scroll"":1,""visibility"":0}","undefined","undefined","undefined","undefined"
"dd498109-8588-419f-a8dc-176c6f9f2033","ex12","2","difference","completed","undefined","undefined","undefined","100.00","Look at the image carefully, then answer the questions below.","Describe the difference between the second image compared to the first image.","the purple and blue line have a bend on the left and not on the right. The purple line is vertical on the right but diagonal on the left. The stations West Ruislip and South Ruislip have a different symbol. There are tariff zones on the left. Some labels are on the other side of the line.","undefined","176658","176658","undefined"
"dd498109-8588-419f-a8dc-176c6f9f2033","ex12","2","transform_1","completed","undefined","undefined","undefined","100.00","Look at the image carefully, then answer the questions below.","Desribe how you would transform the first image into the second image in three or less steps","bend the purple diagonal line upward","undefined","176658","176658","undefined"
"dd498109-8588-419f-a8dc-176c6f9f2033","ex12","2","transform_2","completed","undefined","undefined","undefined","100.00","Look at the image carefully, then answer the questions below.","","make the part between West Harrow and Ruislip Horizontal on the blue and purple line","undefined","176658","176658","undefined"
"dd498109-8588-419f-a8dc-176c6f9f2033","ex12","2","transform_3","completed","undefined","undefined","undefined","100.00","Look at the image carefully, then answer the questions below.","","","undefined","176658","176658","undefined"
"dd498109-8588-419f-a8dc-176c6f9f2033","ex12","2","windowEvents","undefined","undefined","undefined","undefined","undefined","undefined","undefined","{""focus"":4,""input"":376,""keydown"":442,""keyup"":403,""mousemove"":70,""mousedown"":3,""mouseup"":3,""resize"":0,""scroll"":0,""visibility"":0}","undefined","undefined","undefined","undefined"
"dd498109-8588-419f-a8dc-176c6f9f2033","ex16","3","difference","completed","undefined","undefined","undefined","100.00","Look at the image carefully, then answer the questions below.","Describe the difference between the second image compared to the first image.","The right image has a bend at Casina de Pecchi","undefined","47401","47401","ex16/before.png,ex16/after.png"
"dd498109-8588-419f-a8dc-176c6f9f2033","ex16","3","transform_1","completed","undefined","undefined","undefined","100.00","Look at the image carefully, then answer the questions below.","Desribe how you would transform the first image into the second image in three or less steps","straight the green line at casina to the right","undefined","47401","47401","ex16/before.png,ex16/after.png"
"dd498109-8588-419f-a8dc-176c6f9f2033","ex16","3","transform_2","completed","undefined","undefined","undefined","100.00","Look at the image carefully, then answer the questions below.","","","undefined","47401","47401","ex16/before.png,ex16/after.png"
"dd498109-8588-419f-a8dc-176c6f9f2033","ex16","3","transform_3","completed","undefined","undefined","undefined","100.00","Look at the image carefully, then answer the questions below.","","","undefined","47401","47401","ex16/before.png,ex16/after.png"
"dd498109-8588-419f-a8dc-176c6f9f2033","ex16","3","windowEvents","undefined","undefined","undefined","undefined","undefined","undefined","undefined","{""focus"":3,""input"":100,""keydown"":114,""keyup"":109,""mousemove"":26,""mousedown"":2,""mouseup"":2,""resize"":0,""scroll"":0,""visibility"":0}","undefined","undefined","undefined","undefined"
"dd498109-8588-419f-a8dc-176c6f9f2033","ex5","4","difference","completed","undefined","undefined","undefined","100.00","Look at the image carefully, then answer the questions below.","Describe the difference between the second image compared to the first image.","left is a square, right is a triangle","undefined","32791","32791","undefined"
"dd498109-8588-419f-a8dc-176c6f9f2033","ex5","4","transform_1","completed","undefined","undefined","undefined","100.00","Look at the image carefully, then answer the questions below.","Desribe how you would transform the first image into the second image in three or less steps","Move the bottom left station to the right and up","undefined","32791","32791","undefined"
"dd498109-8588-419f-a8dc-176c6f9f2033","ex5","4","transform_2","completed","undefined","undefined","undefined","100.00","Look at the image carefully, then answer the questions below.","","","undefined","32791","32791","undefined"
"dd498109-8588-419f-a8dc-176c6f9f2033","ex5","4","transform_3","completed","undefined","undefined","undefined","100.00","Look at the image carefully, then answer the questions below.","","","undefined","32791","32791","undefined"
"dd498109-8588-419f-a8dc-176c6f9f2033","ex5","4","windowEvents","undefined","undefined","undefined","undefined","undefined","undefined","undefined","{""focus"":3,""input"":71,""keydown"":74,""keyup"":74,""mousemove"":22,""mousedown"":2,""mouseup"":2,""resize"":0,""scroll"":0,""visibility"":0}","undefined","undefined","undefined","undefined"
"dd498109-8588-419f-a8dc-176c6f9f2033","ex7","5","difference","completed","undefined","undefined","undefined","100.00","Look at the image carefully, then answer the questions below.","Describe the difference between the second image compared to the first image.","left is a rhombus shape and right is a rectangle rotated by 90 degrees","undefined","81337","81337","undefined"
"dd498109-8588-419f-a8dc-176c6f9f2033","ex7","5","transform_1","completed","undefined","undefined","undefined","100.00","Look at the image carefully, then answer the questions below.","Desribe how you would transform the first image into the second image in three or less steps","Push in the left station (to the right)","undefined","81337","81337","undefined"
"dd498109-8588-419f-a8dc-176c6f9f2033","ex7","5","transform_2","completed","undefined","undefined","undefined","100.00","Look at the image carefully, then answer the questions below.","","Push in the right station (to the left)","undefined","81337","81337","undefined"
"dd498109-8588-419f-a8dc-176c6f9f2033","ex7","5","transform_3","completed","undefined","undefined","undefined","100.00","Look at the image carefully, then answer the questions below.","","","undefined","81337","81337","undefined"
"dd498109-8588-419f-a8dc-176c6f9f2033","ex7","5","windowEvents","undefined","undefined","undefined","undefined","undefined","undefined","undefined","{""focus"":5,""input"":115,""keydown"":143,""keyup"":130,""mousemove"":39,""mousedown"":4,""mouseup"":4,""resize"":0,""scroll"":0,""visibility"":0}","undefined","undefined","undefined","undefined"
"dd498109-8588-419f-a8dc-176c6f9f2033","ex6","6","difference","completed","undefined","undefined","undefined","100.00","Look at the image carefully, then answer the questions below.","Describe the difference between the second image compared to the first image.","The second image is larger than the first one","undefined","35575","35575","undefined"
"dd498109-8588-419f-a8dc-176c6f9f2033","ex6","6","transform_1","completed","undefined","undefined","undefined","100.00","Look at the image carefully, then answer the questions below.","Desribe how you would transform the first image into the second image in three or less steps","scale the network by a factor of maybe 1.5","undefined","35575","35575","undefined"
"dd498109-8588-419f-a8dc-176c6f9f2033","ex6","6","transform_2","completed","undefined","undefined","undefined","100.00","Look at the image carefully, then answer the questions below.","","","undefined","35575","35575","undefined"
"dd498109-8588-419f-a8dc-176c6f9f2033","ex6","6","transform_3","completed","undefined","undefined","undefined","100.00","Look at the image carefully, then answer the questions below.","","","undefined","35575","35575","undefined"
"dd498109-8588-419f-a8dc-176c6f9f2033","ex6","6","windowEvents","undefined","undefined","undefined","undefined","undefined","undefined","undefined","{""focus"":3,""input"":89,""keydown"":95,""keyup"":91,""mousemove"":20,""mousedown"":2,""mouseup"":2,""resize"":0,""scroll"":0,""visibility"":0}","undefined","undefined","undefined","undefined"
"dd498109-8588-419f-a8dc-176c6f9f2033","ex2","7","difference","completed","undefined","undefined","undefined","100.00","Look at the image carefully, then answer the questions below.","Describe the difference between the second image compared to the first image.","the right has a bend","undefined","21360","21360","undefined"
"dd498109-8588-419f-a8dc-176c6f9f2033","ex2","7","transform_1","completed","undefined","undefined","undefined","100.00","Look at the image carefully, then answer the questions below.","Desribe how you would transform the first image into the second image in three or less steps","straighten the line at the middle station to the right","undefined","21360","21360","undefined"
"dd498109-8588-419f-a8dc-176c6f9f2033","ex2","7","transform_2","completed","undefined","undefined","undefined","100.00","Look at the image carefully, then answer the questions below.","","","undefined","21360","21360","undefined"
"dd498109-8588-419f-a8dc-176c6f9f2033","ex2","7","transform_3","completed","undefined","undefined","undefined","100.00","Look at the image carefully, then answer the questions below.","","","undefined","21360","21360","undefined"
"dd498109-8588-419f-a8dc-176c6f9f2033","ex2","7","windowEvents","undefined","undefined","undefined","undefined","undefined","undefined","undefined","{""focus"":5,""input"":55,""keydown"":61,""keyup"":55,""mousemove"":30,""mousedown"":3,""mouseup"":3,""resize"":0,""scroll"":0,""visibility"":0}","undefined","undefined","undefined","undefined"
"dd498109-8588-419f-a8dc-176c6f9f2033","ex16b","8","difference","completed","undefined","undefined","undefined","100.00","Look at the image carefully, then answer the questions below.","Describe the difference between the second image compared to the first image.","the right has many bends between the 6 stations on the right","undefined","57139","57139","ex16/before.png,ex16/after_2.png"
"dd498109-8588-419f-a8dc-176c6f9f2033","ex16b","8","transform_1","completed","undefined","undefined","undefined","100.00","Look at the image carefully, then answer the questions below.","Desribe how you would transform the first image into the second image in three or less steps","Move down Gessale","undefined","57139","57139","ex16/before.png,ex16/after_2.png"
"dd498109-8588-419f-a8dc-176c6f9f2033","ex16b","8","transform_2","completed","undefined","undefined","undefined","100.00","Look at the image carefully, then answer the questions below.","","","undefined","57139","57139","ex16/before.png,ex16/after_2.png"
"dd498109-8588-419f-a8dc-176c6f9f2033","ex16b","8","transform_3","completed","undefined","undefined","undefined","100.00","Look at the image carefully, then answer the questions below.","","","undefined","57139","57139","ex16/before.png,ex16/after_2.png"
"dd498109-8588-419f-a8dc-176c6f9f2033","ex16b","8","windowEvents","undefined","undefined","undefined","undefined","undefined","undefined","undefined","{""focus"":3,""input"":75,""keydown"":105,""keyup"":92,""mousemove"":22,""mousedown"":2,""mouseup"":2,""resize"":0,""scroll"":0,""visibility"":0}","undefined","undefined","undefined","undefined"
"dd498109-8588-419f-a8dc-176c6f9f2033","ex4","9","difference","completed","undefined","undefined","undefined","100.00","Look at the image carefully, then answer the questions below.","Describe the difference between the second image compared to the first image.","the right is more spiky, than the line on the left","undefined","61070","61070","undefined"
"dd498109-8588-419f-a8dc-176c6f9f2033","ex4","9","transform_1","completed","undefined","undefined","undefined","100.00","Look at the image carefully, then answer the questions below.","Desribe how you would transform the first image into the second image in three or less steps","Bend down at the second station (90 degrees)","undefined","61070","61070","undefined"
"dd498109-8588-419f-a8dc-176c6f9f2033","ex4","9","transform_2","completed","undefined","undefined","undefined","100.00","Look at the image carefully, then answer the questions below.","","Bend down at the fourth station (90 degrees)","undefined","61070","61070","undefined"
"dd498109-8588-419f-a8dc-176c6f9f2033","ex4","9","transform_3","completed","undefined","undefined","undefined","100.00","Look at the image carefully, then answer the questions below.","","rotate everything to the left 45 degrees","undefined","61070","61070","undefined"
"dd498109-8588-419f-a8dc-176c6f9f2033","ex4","9","windowEvents","undefined","undefined","undefined","undefined","undefined","undefined","undefined","{""focus"":5,""input"":125,""keydown"":152,""keyup"":136,""mousemove"":29,""mousedown"":2,""mouseup"":2,""resize"":0,""scroll"":0,""visibility"":0}","undefined","undefined","undefined","undefined"
"dd498109-8588-419f-a8dc-176c6f9f2033","ex14","10","difference","completed","undefined","undefined","undefined","100.00","Look at the image carefully, then answer the questions below.","Describe the difference between the second image compared to the first image.","The label placement is different","undefined","21546","21546","ex14/left.png,ex14/right.png"
"dd498109-8588-419f-a8dc-176c6f9f2033","ex14","10","transform_1","completed","undefined","undefined","undefined","100.00","Look at the image carefully, then answer the questions below.","Desribe how you would transform the first image into the second image in three or less steps","move the label from bottom left to top left","undefined","21546","21546","ex14/left.png,ex14/right.png"
"dd498109-8588-419f-a8dc-176c6f9f2033","ex14","10","transform_2","completed","undefined","undefined","undefined","100.00","Look at the image carefully, then answer the questions below.","","","undefined","21546","21546","ex14/left.png,ex14/right.png"
"dd498109-8588-419f-a8dc-176c6f9f2033","ex14","10","transform_3","completed","undefined","undefined","undefined","100.00","Look at the image carefully, then answer the questions below.","","","undefined","21546","21546","ex14/left.png,ex14/right.png"
"dd498109-8588-419f-a8dc-176c6f9f2033","ex14","10","windowEvents","undefined","undefined","undefined","undefined","undefined","undefined","undefined","{""focus"":3,""input"":57,""keydown"":62,""keyup"":60,""mousemove"":21,""mousedown"":2,""mouseup"":2,""resize"":0,""scroll"":0,""visibility"":0}","undefined","undefined","undefined","undefined"
"dd498109-8588-419f-a8dc-176c6f9f2033","ex11","11","difference","completed","undefined","undefined","undefined","100.00","Look at the image carefully, then answer the questions below.","Describe the difference between the second image compared to the first image.","left green loop is more rounded than the triangular shape on the right","undefined","76980","76980","undefined"
"dd498109-8588-419f-a8dc-176c6f9f2033","ex11","11","transform_1","completed","undefined","undefined","undefined","100.00","Look at the image carefully, then answer the questions below.","Desribe how you would transform the first image into the second image in three or less steps","rotate the line segment through Charges bour de F9iuherub by 45 degrees right","undefined","76980","76980","undefined"
"dd498109-8588-419f-a8dc-176c6f9f2033","ex11","11","transform_2","completed","undefined","undefined","undefined","100.00","Look at the image carefully, then answer the questions below.","","","undefined","76980","76980","undefined"
"dd498109-8588-419f-a8dc-176c6f9f2033","ex11","11","transform_3","completed","undefined","undefined","undefined","100.00","Look at the image carefully, then answer the questions below.","","","undefined","76980","76980","undefined"
"dd498109-8588-419f-a8dc-176c6f9f2033","ex11","11","windowEvents","undefined","undefined","undefined","undefined","undefined","undefined","undefined","{""focus"":3,""input"":148,""keydown"":157,""keyup"":147,""mousemove"":21,""mousedown"":2,""mouseup"":2,""resize"":0,""scroll"":0,""visibility"":0}","undefined","undefined","undefined","undefined"
"dd498109-8588-419f-a8dc-176c6f9f2033","ex9","12","difference","completed","undefined","undefined","undefined","100.00","Look at the image carefully, then answer the questions below.","Describe the difference between the second image compared to the first image.","left has a station popping out of the shape","undefined","27523","27523","undefined"
"dd498109-8588-419f-a8dc-176c6f9f2033","ex9","12","transform_1","completed","undefined","undefined","undefined","100.00","Look at the image carefully, then answer the questions below.","Desribe how you would transform the first image into the second image in three or less steps","push up bottom station ","undefined","27523","27523","undefined"
"dd498109-8588-419f-a8dc-176c6f9f2033","ex9","12","transform_2","completed","undefined","undefined","undefined","100.00","Look at the image carefully, then answer the questions below.","","","undefined","27523","27523","undefined"
"dd498109-8588-419f-a8dc-176c6f9f2033","ex9","12","transform_3","completed","undefined","undefined","undefined","100.00","Look at the image carefully, then answer the questions below.","","","undefined","27523","27523","undefined"
"dd498109-8588-419f-a8dc-176c6f9f2033","ex9","12","windowEvents","undefined","undefined","undefined","undefined","undefined","undefined","undefined","{""focus"":3,""input"":59,""keydown"":66,""keyup"":60,""mousemove"":45,""mousedown"":3,""mouseup"":3,""resize"":0,""scroll"":0,""visibility"":0}","undefined","undefined","undefined","undefined"
"dd498109-8588-419f-a8dc-176c6f9f2033","ex8","13","difference","completed","undefined","undefined","undefined","100.00","Look at the image carefully, then answer the questions below.","Describe the difference between the second image compared to the first image.","the connection between the two squares is horizontal on the left and diagonal on the right","undefined","37689","37689","undefined"
"dd498109-8588-419f-a8dc-176c6f9f2033","ex8","13","transform_1","completed","undefined","undefined","undefined","100.00","Look at the image carefully, then answer the questions below.","Desribe how you would transform the first image into the second image in three or less steps","Move up the right square","undefined","37689","37689","undefined"
"dd498109-8588-419f-a8dc-176c6f9f2033","ex8","13","transform_2","completed","undefined","undefined","undefined","100.00","Look at the image carefully, then answer the questions below.","","","undefined","37689","37689","undefined"
"dd498109-8588-419f-a8dc-176c6f9f2033","ex8","13","transform_3","completed","undefined","undefined","undefined","100.00","Look at the image carefully, then answer the questions below.","","","undefined","37689","37689","undefined"
"dd498109-8588-419f-a8dc-176c6f9f2033","ex8","13","windowEvents","undefined","undefined","undefined","undefined","undefined","undefined","undefined","{""focus"":3,""input"":101,""keydown"":116,""keyup"":111,""mousemove"":30,""mousedown"":3,""mouseup"":3,""resize"":0,""scroll"":0,""visibility"":0}","undefined","undefined","undefined","undefined"
"dd498109-8588-419f-a8dc-176c6f9f2033","ex1","14","difference","completed","undefined","undefined","undefined","100.00","Look at the image carefully, then answer the questions below.","Describe the difference between the second image compared to the first image.","Right is rotated by 45 degrees","undefined","14459","14459","undefined"
"dd498109-8588-419f-a8dc-176c6f9f2033","ex1","14","transform_1","completed","undefined","undefined","undefined","100.00","Look at the image carefully, then answer the questions below.","Desribe how you would transform the first image into the second image in three or less steps","rotate by 45 degrees","undefined","14459","14459","undefined"
"dd498109-8588-419f-a8dc-176c6f9f2033","ex1","14","transform_2","completed","undefined","undefined","undefined","100.00","Look at the image carefully, then answer the questions below.","","","undefined","14459","14459","undefined"
"dd498109-8588-419f-a8dc-176c6f9f2033","ex1","14","transform_3","completed","undefined","undefined","undefined","100.00","Look at the image carefully, then answer the questions below.","","","undefined","14459","14459","undefined"
"dd498109-8588-419f-a8dc-176c6f9f2033","ex1","14","windowEvents","undefined","undefined","undefined","undefined","undefined","undefined","undefined","{""focus"":3,""input"":39,""keydown"":42,""keyup"":41,""mousemove"":16,""mousedown"":2,""mouseup"":2,""resize"":0,""scroll"":0,""visibility"":0}","undefined","undefined","undefined","undefined"
"dd498109-8588-419f-a8dc-176c6f9f2033","ex10","15","difference","completed","undefined","undefined","undefined","100.00","Look at the image carefully, then answer the questions below.","Describe the difference between the second image compared to the first image.","left has a bend on the 6th station from the end of the line","undefined","49317","49317","undefined"
"dd498109-8588-419f-a8dc-176c6f9f2033","ex10","15","transform_1","completed","undefined","undefined","undefined","100.00","Look at the image carefully, then answer the questions below.","Desribe how you would transform the first image into the second image in three or less steps","change connection between station 5 and 6 to horizontal","undefined","49317","49317","undefined"
"dd498109-8588-419f-a8dc-176c6f9f2033","ex10","15","transform_2","completed","undefined","undefined","undefined","100.00","Look at the image carefully, then answer the questions below.","","","undefined","49317","49317","undefined"
"dd498109-8588-419f-a8dc-176c6f9f2033","ex10","15","transform_3","completed","undefined","undefined","undefined","100.00","Look at the image carefully, then answer the questions below.","","","undefined","49317","49317","undefined"
"dd498109-8588-419f-a8dc-176c6f9f2033","ex10","15","windowEvents","undefined","undefined","undefined","undefined","undefined","undefined","undefined","{""focus"":3,""input"":108,""keydown"":118,""keyup"":111,""mousemove"":22,""mousedown"":2,""mouseup"":2,""resize"":0,""scroll"":0,""visibility"":0}","undefined","undefined","undefined","undefined"
"dd498109-8588-419f-a8dc-176c6f9f2033","ex12b","16","difference","completed","undefined","undefined","undefined","100.00","Look at the image carefully, then answer the questions below.","Describe the difference between the second image compared to the first image.","This is the same as the first image","undefined","73351","73351","ex12/ex12_remade1.png,ex12/ex12_remade2.png"
"dd498109-8588-419f-a8dc-176c6f9f2033","ex12b","16","transform_1","completed","undefined","undefined","undefined","100.00","Look at the image carefully, then answer the questions below.","Desribe how you would transform the first image into the second image in three or less steps","straighten connection between hillbop and lakeside to be horizontal","undefined","73351","73351","ex12/ex12_remade1.png,ex12/ex12_remade2.png"
"dd498109-8588-419f-a8dc-176c6f9f2033","ex12b","16","transform_2","completed","undefined","undefined","undefined","100.00","Look at the image carefully, then answer the questions below.","","make glenpark to greenpoint vertical","undefined","73351","73351","ex12/ex12_remade1.png,ex12/ex12_remade2.png"
"dd498109-8588-419f-a8dc-176c6f9f2033","ex12b","16","transform_3","completed","undefined","undefined","undefined","100.00","Look at the image carefully, then answer the questions below.","","","undefined","73351","73351","ex12/ex12_remade1.png,ex12/ex12_remade2.png"
"dd498109-8588-419f-a8dc-176c6f9f2033","ex12b","16","windowEvents","undefined","undefined","undefined","undefined","undefined","undefined","undefined","{""focus"":6,""input"":144,""keydown"":152,""keyup"":142,""mousemove"":28,""mousedown"":3,""mouseup"":3,""resize"":0,""scroll"":0,""visibility"":0}","undefined","undefined","undefined","undefined"
"dd498109-8588-419f-a8dc-176c6f9f2033","ex15","17","difference","completed","undefined","undefined","undefined","100.00","Look at the image carefully, then answer the questions below.","Describe the difference between the second image compared to the first image.","labels are rotated","undefined","21426","21426","ex15/left.png,ex15/right.png"
"dd498109-8588-419f-a8dc-176c6f9f2033","ex15","17","transform_1","completed","undefined","undefined","undefined","100.00","Look at the image carefully, then answer the questions below.","Desribe how you would transform the first image into the second image in three or less steps","rotate all labels to the right by 45 degrees","undefined","21426","21426","ex15/left.png,ex15/right.png"
"dd498109-8588-419f-a8dc-176c6f9f2033","ex15","17","transform_2","completed","undefined","undefined","undefined","100.00","Look at the image carefully, then answer the questions below.","","","undefined","21426","21426","ex15/left.png,ex15/right.png"
"dd498109-8588-419f-a8dc-176c6f9f2033","ex15","17","transform_3","completed","undefined","undefined","undefined","100.00","Look at the image carefully, then answer the questions below.","","","undefined","21426","21426","ex15/left.png,ex15/right.png"
"dd498109-8588-419f-a8dc-176c6f9f2033","ex15","17","windowEvents","undefined","undefined","undefined","undefined","undefined","undefined","undefined","{""focus"":3,""input"":53,""keydown"":57,""keyup"":53,""mousemove"":19,""mousedown"":2,""mouseup"":2,""resize"":0,""scroll"":0,""visibility"":0}","undefined","undefined","undefined","undefined"
"dd498109-8588-419f-a8dc-176c6f9f2033","ex13","18","difference","completed","undefined","undefined","undefined","100.00","Look at the image carefully, then answer the questions below.","Describe the difference between the second image compared to the first image.","labels are on the other side","undefined","30230","30230","ex13/left.png,ex13/right.png"
"dd498109-8588-419f-a8dc-176c6f9f2033","ex13","18","transform_1","completed","undefined","undefined","undefined","100.00","Look at the image carefully, then answer the questions below.","Desribe how you would transform the first image into the second image in three or less steps","move all labels from the left to the right","undefined","30230","30230","ex13/left.png,ex13/right.png"
"dd498109-8588-419f-a8dc-176c6f9f2033","ex13","18","transform_2","completed","undefined","undefined","undefined","100.00","Look at the image carefully, then answer the questions below.","","","undefined","30230","30230","ex13/left.png,ex13/right.png"
"dd498109-8588-419f-a8dc-176c6f9f2033","ex13","18","transform_3","completed","undefined","undefined","undefined","100.00","Look at the image carefully, then answer the questions below.","","","undefined","30230","30230","ex13/left.png,ex13/right.png"
"dd498109-8588-419f-a8dc-176c6f9f2033","ex13","18","windowEvents","undefined","undefined","undefined","undefined","undefined","undefined","undefined","{""focus"":3,""input"":74,""keydown"":75,""keyup"":73,""mousemove"":44,""mousedown"":3,""mouseup"":3,""resize"":0,""scroll"":0,""visibility"":0}","undefined","undefined","undefined","undefined"
"dd498109-8588-419f-a8dc-176c6f9f2033","ex3","19","difference","completed","undefined","undefined","undefined","100.00","Look at the image carefully, then answer the questions below.","Describe the difference between the second image compared to the first image.","the left is spiky, the right is straight","undefined","36552","36552","undefined"
"dd498109-8588-419f-a8dc-176c6f9f2033","ex3","19","transform_1","completed","undefined","undefined","undefined","100.00","Look at the image carefully, then answer the questions below.","Desribe how you would transform the first image into the second image in three or less steps","straighten the edges all to the right","undefined","36552","36552","undefined"
"dd498109-8588-419f-a8dc-176c6f9f2033","ex3","19","transform_2","completed","undefined","undefined","undefined","100.00","Look at the image carefully, then answer the questions below.","","","undefined","36552","36552","undefined"
"dd498109-8588-419f-a8dc-176c6f9f2033","ex3","19","transform_3","completed","undefined","undefined","undefined","100.00","Look at the image carefully, then answer the questions below.","","","undefined","36552","36552","undefined"
"dd498109-8588-419f-a8dc-176c6f9f2033","ex3","19","windowEvents","undefined","undefined","undefined","undefined","undefined","undefined","undefined","{""focus"":3,""input"":57,""keydown"":63,""keyup"":62,""mousemove"":15,""mousedown"":2,""mouseup"":2,""resize"":0,""scroll"":0,""visibility"":0}","undefined","undefined","undefined","undefined"
"dd498109-8588-419f-a8dc-176c6f9f2033","introduction2","20","","completed","undefined","undefined","undefined","100.00","undefined","undefined","undefined","undefined","7112","7112","undefined"
"dd498109-8588-419f-a8dc-176c6f9f2033","introduction2","20","windowEvents","undefined","undefined","undefined","undefined","undefined","undefined","undefined","{""focus"":1,""input"":0,""keydown"":0,""keyup"":0,""mousemove"":29,""mousedown"":1,""mouseup"":1,""resize"":0,""scroll"":0,""visibility"":0}","undefined","undefined","undefined","undefined"
"dd498109-8588-419f-a8dc-176c6f9f2033","choice1","21","chosen_image","completed","undefined","undefined","undefined","100.00","After performing the action 'Pivot around node X anti-clockwise' what would be the more appropriate outcome, image A or B?","Select one:","b","undefined","11743","11743","undefined"
"dd498109-8588-419f-a8dc-176c6f9f2033","choice1","21","windowEvents","undefined","undefined","undefined","undefined","undefined","undefined","undefined","{""focus"":2,""input"":1,""keydown"":0,""keyup"":0,""mousemove"":27,""mousedown"":2,""mouseup"":2,""resize"":0,""scroll"":0,""visibility"":0}","undefined","undefined","undefined","undefined"
"dd498109-8588-419f-a8dc-176c6f9f2033","choice2","22","chosen_image","completed","undefined","undefined","undefined","100.00","After performing the action 'Straigten nodes' would you expect the machine to produce image A, B or C?","Select one:","a","undefined","30174","30174","undefined"
"dd498109-8588-419f-a8dc-176c6f9f2033","choice2","22","windowEvents","undefined","undefined","undefined","undefined","undefined","undefined","undefined","{""focus"":3,""input"":1,""keydown"":0,""keyup"":0,""mousemove"":77,""mousedown"":2,""mouseup"":2,""resize"":0,""scroll"":4,""visibility"":0}","undefined","undefined","undefined","undefined"
"dd498109-8588-419f-a8dc-176c6f9f2033","introduction3","23","","completed","undefined","undefined","undefined","100.00","undefined","undefined","undefined","undefined","11884","11884","undefined"
"dd498109-8588-419f-a8dc-176c6f9f2033","introduction3","23","windowEvents","undefined","undefined","undefined","undefined","undefined","undefined","undefined","{""focus"":1,""input"":0,""keydown"":0,""keyup"":0,""mousemove"":24,""mousedown"":1,""mouseup"":1,""resize"":0,""scroll"":0,""visibility"":0}","undefined","undefined","undefined","undefined"
"dd498109-8588-419f-a8dc-176c6f9f2033","slider1_1_3","24","chosen_image","completed","undefined","undefined","undefined","100.00","Choose the picture your prefer","Select one:","b","undefined","5444","5444","labeling/sliders/ex1_sliders/hor2.png,labeling/sliders/ex1_sliders/hor1.png"
"dd498109-8588-419f-a8dc-176c6f9f2033","slider1_1_3","24","windowEvents","undefined","undefined","undefined","undefined","undefined","undefined","undefined","{""focus"":2,""input"":1,""keydown"":0,""keyup"":0,""mousemove"":17,""mousedown"":2,""mouseup"":2,""resize"":0,""scroll"":0,""visibility"":0}","undefined","undefined","undefined","undefined"
"dd498109-8588-419f-a8dc-176c6f9f2033","circle_1_2","25","chosen_image","completed","undefined","undefined","undefined","100.00","Choose the picture your prefer","Select one:","a","undefined","7963","7963","labeling/outside_labeling/circles/circle_2.png,labeling/outside_labeling/circles/circle_3.png"
"dd498109-8588-419f-a8dc-176c6f9f2033","circle_1_2","25","windowEvents","undefined","undefined","undefined","undefined","undefined","undefined","undefined","{""focus"":2,""input"":1,""keydown"":0,""keyup"":0,""mousemove"":22,""mousedown"":2,""mouseup"":2,""resize"":0,""scroll"":0,""visibility"":0}","undefined","undefined","undefined","undefined"
"dd498109-8588-419f-a8dc-176c6f9f2033","slider1_2_2","26","chosen_image","completed","undefined","undefined","undefined","100.00","Choose the picture your prefer","Select one:","a","undefined","17172","17172","labeling/sliders/ex1_sliders/no_slider.png,labeling/sliders/ex1_sliders/sameside_hor.png"
"dd498109-8588-419f-a8dc-176c6f9f2033","slider1_2_2","26","windowEvents","undefined","undefined","undefined","undefined","undefined","undefined","undefined","{""focus"":2,""input"":1,""keydown"":0,""keyup"":0,""mousemove"":38,""mousedown"":2,""mouseup"":2,""resize"":0,""scroll"":0,""visibility"":0}","undefined","undefined","undefined","undefined"
"dd498109-8588-419f-a8dc-176c6f9f2033","circle_1_3","27","chosen_image","completed","undefined","undefined","undefined","100.00","Choose the picture your prefer","Select one:","a","undefined","32343","32343","labeling/outside_labeling/circles/circle_3.png,labeling/outside_labeling/circles/circle_1.png"
"dd498109-8588-419f-a8dc-176c6f9f2033","circle_1_3","27","windowEvents","undefined","undefined","undefined","undefined","undefined","undefined","undefined","{""focus"":3,""input"":1,""keydown"":0,""keyup"":0,""mousemove"":47,""mousedown"":2,""mouseup"":2,""resize"":0,""scroll"":0,""visibility"":0}","undefined","undefined","undefined","undefined"
"dd498109-8588-419f-a8dc-176c6f9f2033","slider2_1_2","28","chosen_image","completed","undefined","undefined","undefined","100.00","Choose the picture your prefer","Select one:","b","undefined","3839","3839","labeling/sliders/ex2_sliders/hor2.png,labeling/sliders/ex2_sliders/no_slider.png"
"dd498109-8588-419f-a8dc-176c6f9f2033","slider2_1_2","28","windowEvents","undefined","undefined","undefined","undefined","undefined","undefined","undefined","{""focus"":2,""input"":1,""keydown"":0,""keyup"":0,""mousemove"":13,""mousedown"":2,""mouseup"":2,""resize"":0,""scroll"":0,""visibility"":0}","undefined","undefined","undefined","undefined"
"dd498109-8588-419f-a8dc-176c6f9f2033","slider1_1_1","29","chosen_image","completed","undefined","undefined","undefined","100.00","Choose the picture your prefer","Select one:","a","undefined","13368","13368","labeling/sliders/ex1_sliders/no_slider.png,labeling/sliders/ex1_sliders/hor1.png"
"dd498109-8588-419f-a8dc-176c6f9f2033","slider1_1_1","29","windowEvents","undefined","undefined","undefined","undefined","undefined","undefined","undefined","{""focus"":2,""input"":1,""keydown"":0,""keyup"":0,""mousemove"":23,""mousedown"":2,""mouseup"":2,""resize"":0,""scroll"":0,""visibility"":0}","undefined","undefined","undefined","undefined"
"dd498109-8588-419f-a8dc-176c6f9f2033","slider2_2_1","30","chosen_image","completed","undefined","undefined","undefined","100.00","Choose the picture your prefer","Select one:","a","undefined","8292","8292","labeling/sliders/ex2_sliders/no_slider.png,labeling/sliders/ex2_sliders/sameside1.png"
"dd498109-8588-419f-a8dc-176c6f9f2033","slider2_2_1","30","windowEvents","undefined","undefined","undefined","undefined","undefined","undefined","undefined","{""focus"":2,""input"":1,""keydown"":0,""keyup"":0,""mousemove"":18,""mousedown"":2,""mouseup"":2,""resize"":0,""scroll"":0,""visibility"":0}","undefined","undefined","undefined","undefined"
"dd498109-8588-419f-a8dc-176c6f9f2033","slider2_1_3","31","chosen_image","completed","undefined","undefined","undefined","100.00","Choose the picture your prefer","Select one:","a","undefined","8356","8356","labeling/sliders/ex2_sliders/hor1.png,labeling/sliders/ex2_sliders/hor2.png"
"dd498109-8588-419f-a8dc-176c6f9f2033","slider2_1_3","31","windowEvents","undefined","undefined","undefined","undefined","undefined","undefined","undefined","{""focus"":2,""input"":1,""keydown"":0,""keyup"":0,""mousemove"":27,""mousedown"":2,""mouseup"":2,""resize"":0,""scroll"":0,""visibility"":0}","undefined","undefined","undefined","undefined"
"dd498109-8588-419f-a8dc-176c6f9f2033","label3","32","chosen_image","completed","undefined","undefined","undefined","100.00","Choose the picture your prefer","Select one:","b","undefined","6785","6785","labeling/outside_labeling/base3.png,labeling/outside_labeling/with_outside3.png"
"dd498109-8588-419f-a8dc-176c6f9f2033","label3","32","windowEvents","undefined","undefined","undefined","undefined","undefined","undefined","undefined","{""focus"":2,""input"":1,""keydown"":0,""keyup"":0,""mousemove"":15,""mousedown"":2,""mouseup"":2,""resize"":0,""scroll"":0,""visibility"":0}","undefined","undefined","undefined","undefined"
"dd498109-8588-419f-a8dc-176c6f9f2033","slider1_2_1","33","chosen_image","completed","undefined","undefined","undefined","100.00","Choose the picture your prefer","Select one:","a","undefined","9163","9163","labeling/sliders/ex1_sliders/no_slider.png,labeling/sliders/ex1_sliders/sameside1.png"
"dd498109-8588-419f-a8dc-176c6f9f2033","slider1_2_1","33","windowEvents","undefined","undefined","undefined","undefined","undefined","undefined","undefined","{""focus"":2,""input"":1,""keydown"":0,""keyup"":0,""mousemove"":12,""mousedown"":2,""mouseup"":2,""resize"":0,""scroll"":0,""visibility"":0}","undefined","undefined","undefined","undefined"
"dd498109-8588-419f-a8dc-176c6f9f2033","spring_2","34","chosen_image","completed","undefined","undefined","undefined","100.00","Choose the picture your prefer","Select one:","b","undefined","6593","6593","labeling/spring/spring_label_2.png,labeling/spring/spring_label_1.png"
"dd498109-8588-419f-a8dc-176c6f9f2033","spring_2","34","windowEvents","undefined","undefined","undefined","undefined","undefined","undefined","undefined","{""focus"":2,""input"":1,""keydown"":0,""keyup"":0,""mousemove"":18,""mousedown"":2,""mouseup"":2,""resize"":0,""scroll"":0,""visibility"":0}","undefined","undefined","undefined","undefined"
"dd498109-8588-419f-a8dc-176c6f9f2033","label1","35","chosen_image","completed","undefined","undefined","undefined","100.00","Choose the picture your prefer","Select one:","b","undefined","13860","13860","labeling/outside_labeling/base1.png,labeling/outside_labeling/with_outside1.png"
"dd498109-8588-419f-a8dc-176c6f9f2033","label1","35","windowEvents","undefined","undefined","undefined","undefined","undefined","undefined","undefined","{""focus"":2,""input"":1,""keydown"":0,""keyup"":0,""mousemove"":35,""mousedown"":4,""mouseup"":4,""resize"":0,""scroll"":0,""visibility"":0}","undefined","undefined","undefined","undefined"
"dd498109-8588-419f-a8dc-176c6f9f2033","circle_2_2","36","chosen_image","completed","undefined","undefined","undefined","100.00","Choose the picture your prefer","Select one:","a","undefined","10967","10967","labeling/outside_labeling/circles/small_2.png,labeling/outside_labeling/circles/small_3.png"
"dd498109-8588-419f-a8dc-176c6f9f2033","circle_2_2","36","windowEvents","undefined","undefined","undefined","undefined","undefined","undefined","undefined","{""focus"":2,""input"":1,""keydown"":0,""keyup"":0,""mousemove"":32,""mousedown"":4,""mouseup"":4,""resize"":0,""scroll"":0,""visibility"":0}","undefined","undefined","undefined","undefined"
"dd498109-8588-419f-a8dc-176c6f9f2033","slider1_2_3","37","chosen_image","completed","undefined","undefined","undefined","100.00","Choose the picture your prefer","Select one:","b","undefined","6196","6196","labeling/sliders/ex1_sliders/sameside1.png,labeling/sliders/ex1_sliders/sameside_hor.png"
"dd498109-8588-419f-a8dc-176c6f9f2033","slider1_2_3","37","windowEvents","undefined","undefined","undefined","undefined","undefined","undefined","undefined","{""focus"":2,""input"":1,""keydown"":0,""keyup"":0,""mousemove"":15,""mousedown"":2,""mouseup"":2,""resize"":0,""scroll"":0,""visibility"":0}","undefined","undefined","undefined","undefined"
"dd498109-8588-419f-a8dc-176c6f9f2033","circle_1_1","38","chosen_image","completed","undefined","undefined","undefined","100.00","Choose the picture your prefer","Select one:","b","undefined","10061","10061","labeling/outside_labeling/circles/circle_1.png,labeling/outside_labeling/circles/circle_2.png"
"dd498109-8588-419f-a8dc-176c6f9f2033","circle_1_1","38","windowEvents","undefined","undefined","undefined","undefined","undefined","undefined","undefined","{""focus"":2,""input"":1,""keydown"":0,""keyup"":0,""mousemove"":30,""mousedown"":4,""mouseup"":4,""resize"":0,""scroll"":0,""visibility"":0}","undefined","undefined","undefined","undefined"
"dd498109-8588-419f-a8dc-176c6f9f2033","slider1_1_2","39","chosen_image","completed","undefined","undefined","undefined","100.00","Choose the picture your prefer","Select one:","b","undefined","6487","6487","labeling/sliders/ex1_sliders/hor2.png,labeling/sliders/ex1_sliders/no_slider.png"
"dd498109-8588-419f-a8dc-176c6f9f2033","slider1_1_2","39","windowEvents","undefined","undefined","undefined","undefined","undefined","undefined","undefined","{""focus"":2,""input"":1,""keydown"":0,""keyup"":0,""mousemove"":18,""mousedown"":2,""mouseup"":2,""resize"":0,""scroll"":0,""visibility"":0}","undefined","undefined","undefined","undefined"
"dd498109-8588-419f-a8dc-176c6f9f2033","circle_2_3","40","chosen_image","completed","undefined","undefined","undefined","100.00","Choose the picture your prefer","Select one:","a","undefined","4024","4024","labeling/outside_labeling/circles/small_3.png,labeling/outside_labeling/circles/small_1.png"
"dd498109-8588-419f-a8dc-176c6f9f2033","circle_2_3","40","windowEvents","undefined","undefined","undefined","undefined","undefined","undefined","undefined","{""focus"":2,""input"":1,""keydown"":0,""keyup"":0,""mousemove"":12,""mousedown"":2,""mouseup"":2,""resize"":0,""scroll"":0,""visibility"":0}","undefined","undefined","undefined","undefined"
"dd498109-8588-419f-a8dc-176c6f9f2033","slider2_2_2","41","chosen_image","completed","undefined","undefined","undefined","100.00","Choose the picture your prefer","Select one:","b","undefined","10649","10649","labeling/sliders/ex2_sliders/no_slider.png,labeling/sliders/ex2_sliders/sameside_hor.png"
"dd498109-8588-419f-a8dc-176c6f9f2033","slider2_2_2","41","windowEvents","undefined","undefined","undefined","undefined","undefined","undefined","undefined","{""focus"":2,""input"":1,""keydown"":0,""keyup"":0,""mousemove"":33,""mousedown"":2,""mouseup"":2,""resize"":0,""scroll"":0,""visibility"":0}","undefined","undefined","undefined","undefined"
"dd498109-8588-419f-a8dc-176c6f9f2033","label4","42","chosen_image","completed","undefined","undefined","undefined","100.00","Choose the picture your prefer","Select one:","b","undefined","13655","13655","labeling/outside_labeling/base4.png,labeling/outside_labeling/with_outside4.png"
"dd498109-8588-419f-a8dc-176c6f9f2033","label4","42","windowEvents","undefined","undefined","undefined","undefined","undefined","undefined","undefined","{""focus"":2,""input"":1,""keydown"":0,""keyup"":0,""mousemove"":23,""mousedown"":2,""mouseup"":2,""resize"":0,""scroll"":0,""visibility"":0}","undefined","undefined","undefined","undefined"
"dd498109-8588-419f-a8dc-176c6f9f2033","slider2_2_3","43","chosen_image","completed","undefined","undefined","undefined","100.00","Choose the picture your prefer","Select one:","b","undefined","8985","8985","labeling/sliders/ex2_sliders/sameside1.png,labeling/sliders/ex2_sliders/sameside_hor.png"
"dd498109-8588-419f-a8dc-176c6f9f2033","slider2_2_3","43","windowEvents","undefined","undefined","undefined","undefined","undefined","undefined","undefined","{""focus"":2,""input"":1,""keydown"":0,""keyup"":0,""mousemove"":20,""mousedown"":2,""mouseup"":2,""resize"":0,""scroll"":0,""visibility"":0}","undefined","undefined","undefined","undefined"
"dd498109-8588-419f-a8dc-176c6f9f2033","spring_1","44","chosen_image","completed","undefined","undefined","undefined","100.00","Choose the picture your prefer","Select one:","a","undefined","21430","21430","labeling/spring/spring_label_2.png,labeling/spring/spring_label_3.png"
"dd498109-8588-419f-a8dc-176c6f9f2033","spring_1","44","windowEvents","undefined","undefined","undefined","undefined","undefined","undefined","undefined","{""focus"":2,""input"":1,""keydown"":0,""keyup"":0,""mousemove"":20,""mousedown"":2,""mouseup"":2,""resize"":0,""scroll"":0,""visibility"":0}","undefined","undefined","undefined","undefined"
"dd498109-8588-419f-a8dc-176c6f9f2033","circle_2_1","45","chosen_image","completed","undefined","undefined","undefined","100.00","Choose the picture your prefer","Select one:","b","undefined","5121","5121","labeling/outside_labeling/circles/small_1.png,labeling/outside_labeling/circles/small_2.png"
"dd498109-8588-419f-a8dc-176c6f9f2033","circle_2_1","45","windowEvents","undefined","undefined","undefined","undefined","undefined","undefined","undefined","{""focus"":2,""input"":1,""keydown"":0,""keyup"":0,""mousemove"":18,""mousedown"":2,""mouseup"":2,""resize"":0,""scroll"":0,""visibility"":0}","undefined","undefined","undefined","undefined"
"dd498109-8588-419f-a8dc-176c6f9f2033","spring_3","46","chosen_image","completed","undefined","undefined","undefined","100.00","Choose the picture your prefer","Select one:","a","undefined","3537","3537","labeling/spring/spring_label_1.png,labeling/spring/spring_label_3.png"
"dd498109-8588-419f-a8dc-176c6f9f2033","spring_3","46","windowEvents","undefined","undefined","undefined","undefined","undefined","undefined","undefined","{""focus"":2,""input"":1,""keydown"":0,""keyup"":0,""mousemove"":13,""mousedown"":2,""mouseup"":2,""resize"":0,""scroll"":0,""visibility"":0}","undefined","undefined","undefined","undefined"
"dd498109-8588-419f-a8dc-176c6f9f2033","slider2_1_1","47","chosen_image","completed","undefined","undefined","undefined","100.00","Choose the picture your prefer","Select one:","b","undefined","5715","5715","labeling/sliders/ex2_sliders/no_slider.png,labeling/sliders/ex2_sliders/hor1.png"
"dd498109-8588-419f-a8dc-176c6f9f2033","slider2_1_1","47","windowEvents","undefined","undefined","undefined","undefined","undefined","undefined","undefined","{""focus"":2,""input"":1,""keydown"":0,""keyup"":0,""mousemove"":21,""mousedown"":2,""mouseup"":2,""resize"":0,""scroll"":0,""visibility"":0}","undefined","undefined","undefined","undefined"
"dd498109-8588-419f-a8dc-176c6f9f2033","label2","48","chosen_image","completed","undefined","undefined","undefined","100.00","Choose the picture your prefer","Select one:","b","undefined","3727","3727","labeling/outside_labeling/base2.png,labeling/outside_labeling/with_outside2.png"
"dd498109-8588-419f-a8dc-176c6f9f2033","label2","48","windowEvents","undefined","undefined","undefined","undefined","undefined","undefined","undefined","{""focus"":2,""input"":1,""keydown"":0,""keyup"":0,""mousemove"":18,""mousedown"":2,""mouseup"":2,""resize"":0,""scroll"":0,""visibility"":0}","undefined","undefined","undefined","undefined"
"dd498109-8588-419f-a8dc-176c6f9f2033","introduction4","49","","completed","undefined","undefined","undefined","100.00","undefined","undefined","undefined","undefined","12083","12083","undefined"
"dd498109-8588-419f-a8dc-176c6f9f2033","introduction4","49","windowEvents","undefined","undefined","undefined","undefined","undefined","undefined","undefined","{""focus"":1,""input"":0,""keydown"":0,""keyup"":0,""mousemove"":59,""mousedown"":1,""mouseup"":1,""resize"":0,""scroll"":0,""visibility"":0}","undefined","undefined","undefined","undefined"
"dd498109-8588-419f-a8dc-176c6f9f2033","rotate3_2","50","chosen_image","completed","undefined","undefined","undefined","100.00","Choose the picture your prefer","Select one:","b","undefined","8921","8921","labeling/rotated/ex3_rotate/rotate_plus.png,labeling/rotated/ex3_rotate/hor.png"
"dd498109-8588-419f-a8dc-176c6f9f2033","rotate3_2","50","windowEvents","undefined","undefined","undefined","undefined","undefined","undefined","undefined","{""focus"":2,""input"":1,""keydown"":0,""keyup"":0,""mousemove"":11,""mousedown"":2,""mouseup"":2,""resize"":0,""scroll"":0,""visibility"":0}","undefined","undefined","undefined","undefined"
"dd498109-8588-419f-a8dc-176c6f9f2033","rotate1_2","51","chosen_image","completed","undefined","undefined","undefined","100.00","Choose the picture your prefer","Select one:","a","undefined","11444","11444","labeling/rotated/ex1_rotate/hor.png,labeling/rotated/ex1_rotate/rotate_plus.png"
"dd498109-8588-419f-a8dc-176c6f9f2033","rotate1_2","51","windowEvents","undefined","undefined","undefined","undefined","undefined","undefined","undefined","{""focus"":2,""input"":1,""keydown"":0,""keyup"":0,""mousemove"":29,""mousedown"":2,""mouseup"":2,""resize"":0,""scroll"":0,""visibility"":0}","undefined","undefined","undefined","undefined"
"dd498109-8588-419f-a8dc-176c6f9f2033","rotate1_1","52","chosen_image","completed","undefined","undefined","undefined","100.00","Choose the picture your prefer","Select one:","a","undefined","3480","3480","labeling/rotated/ex1_rotate/hor.png,labeling/rotated/ex1_rotate/rotate_min.png"
"dd498109-8588-419f-a8dc-176c6f9f2033","rotate1_1","52","windowEvents","undefined","undefined","undefined","undefined","undefined","undefined","undefined","{""focus"":2,""input"":1,""keydown"":0,""keyup"":0,""mousemove"":18,""mousedown"":3,""mouseup"":3,""resize"":0,""scroll"":0,""visibility"":0}","undefined","undefined","undefined","undefined"
"dd498109-8588-419f-a8dc-176c6f9f2033","rotate2_1","53","chosen_image","completed","undefined","undefined","undefined","100.00","Choose the picture your prefer","Select one:","a","undefined","3258","3258","labeling/rotated/ex2_rotate/hor.png,labeling/rotated/ex2_rotate/rotate_min.png"
"dd498109-8588-419f-a8dc-176c6f9f2033","rotate2_1","53","windowEvents","undefined","undefined","undefined","undefined","undefined","undefined","undefined","{""focus"":2,""input"":1,""keydown"":0,""keyup"":0,""mousemove"":16,""mousedown"":2,""mouseup"":2,""resize"":0,""scroll"":0,""visibility"":0}","undefined","undefined","undefined","undefined"
"dd498109-8588-419f-a8dc-176c6f9f2033","rotate2_2","54","chosen_image","completed","undefined","undefined","undefined","100.00","Choose the picture your prefer","Select one:","b","undefined","2929","2929","labeling/rotated/ex2_rotate/rotate_plus.png,labeling/rotated/ex2_rotate/hor.png"
"dd498109-8588-419f-a8dc-176c6f9f2033","rotate2_2","54","windowEvents","undefined","undefined","undefined","undefined","undefined","undefined","undefined","{""focus"":2,""input"":1,""keydown"":0,""keyup"":0,""mousemove"":18,""mousedown"":2,""mouseup"":2,""resize"":0,""scroll"":0,""visibility"":0}","undefined","undefined","undefined","undefined"
"dd498109-8588-419f-a8dc-176c6f9f2033","rotate3_1","55","chosen_image","completed","undefined","undefined","undefined","100.00","Choose the picture your prefer","Select one:","a","undefined","3356","3356","labeling/rotated/ex3_rotate/hor.png,labeling/rotated/ex3_rotate/rotate_min.png"
"dd498109-8588-419f-a8dc-176c6f9f2033","rotate3_1","55","windowEvents","undefined","undefined","undefined","undefined","undefined","undefined","undefined","{""focus"":2,""input"":1,""keydown"":0,""keyup"":0,""mousemove"":18,""mousedown"":3,""mouseup"":3,""resize"":0,""scroll"":0,""visibility"":0}","undefined","undefined","undefined","undefined"
"e726ce92-602d-4d2e-bffc-9fa76a7866db","participantTags","null","participantTags","undefined","undefined","undefined","undefined","undefined","undefined","undefined","[]","undefined","undefined","undefined","undefined"
"f0a066f4-fb16-419b-bc14-951d31ed6ca8","participantTags","null","participantTags","undefined","undefined","undefined","undefined","undefined","undefined","undefined","[]","undefined","undefined","undefined","undefined"